날짜,요일,열람실명,전체좌석,사용중,잔여좌석,혼잡도
2025-09-25 06:00:00,Thursday,제1열람실,375,3,372,여유
2025-09-25 06:00:00,Thursday,제2-1열람실,270,0,270,여유
2025-09-25 06:00:00,Thursday,제2-2열람실,136,2,134,여유
2025-09-25 06:00:00,Thursday,제2-2열람실 (대학원생 전용),62,2,60,여유
2025-09-25 06:30:00,Thursday,제1열람실,375,2,373,여유
2025-09-25 06:30:00,Thursday,제2-1열람실,270,0,270,여유
2025-09-25 06:30:00,Thursday,제2-2열람실,136,1,135,여유
2025-09-25 06:30:00,Thursday,제2-2열람실 (대학원생 전용),62,2,60,여유
2025-09-25 07:00:00,Thursday,제1열람실,375,9,366,여유
2025-09-25 07:00:00,Thursday,제2-1열람실,270,0,270,여유
2025-09-25 07:00:00,Thursday,제2-2열람실,136,2,134,여유
2025-09-25 07:00:00,Thursday,제2-2열람실 (대학원생 전용),62,3,59,여유
2025-09-25 07:30:00,Thursday,제1열람실,375,12,363,여유
2025-09-25 07:30:00,Thursday,제2-1열람실,270,1,269,여유
2025-09-25 07:30:00,Thursday,제2-2열람실,136,1,135,여유
2025-09-25 07:30:00,Thursday,제2-2열람실 (대학원생 전용),62,3,59,여유
2025-09-25 08:00:00,Thursday,제1열람실,375,28,347,여유
2025-09-25 08:00:00,Thursday,제2-1열람실,270,5,265,여유
2025-09-25 08:00:00,Thursday,제2-2열람실,136,3,133,여유
2025-09-25 08:00:00,Thursday,제2-2열람실 (대학원생 전용),62,3,59,여유
2025-09-25 08:30:00,Thursday,제1열람실,375,39,336,여유
2025-09-25 08:30:00,Thursday,제2-1열람실,270,7,263,여유
2025-09-25 08:30:00,Thursday,제2-2열람실,136,7,129,여유
2025-09-25 08:30:00,Thursday,제2-2열람실 (대학원생 전용),62,5,57,여유
2025-09-25 10:30:00,Thursday,제1열람실,375,90,285,여유
2025-09-25 10:30:00,Thursday,제2-1열람실,270,6,264,여유
2025-09-25 10:30:00,Thursday,제2-2열람실,136,14,122,여유
2025-09-25 10:30:00,Thursday,제2-2열람실 (대학원생 전용),62,7,55,여유
2025-09-25 12:00:00,Thursday,제1열람실,375,177,198,보통
2025-09-25 12:00:00,Thursday,제2-1열람실,270,21,249,여유
2025-09-25 12:00:00,Thursday,제2-2열람실,136,25,111,여유
2025-09-25 12:00:00,Thursday,제2-2열람실 (대학원생 전용),62,9,53,여유
2025-09-25 12:30:00,Thursday,제1열람실,375,211,164,보통
2025-09-25 12:30:00,Thursday,제2-1열람실,270,29,241,여유
2025-09-25 12:30:00,Thursday,제2-2열람실,136,28,108,여유
2025-09-25 12:30:00,Thursday,제2-2열람실 (대학원생 전용),62,10,52,여유
2025-09-25 13:00:00,Thursday,제1열람실,375,247,128,보통
2025-09-25 13:00:00,Thursday,제2-1열람실,270,37,233,여유
2025-09-25 13:00:00,Thursday,제2-2열람실,136,36,100,여유
2025-09-25 13:00:00,Thursday,제2-2열람실 (대학원생 전용),62,11,51,여유
2025-09-25 13:30:00,Thursday,제1열람실,375,259,116,보통
2025-09-25 13:30:00,Thursday,제2-1열람실,270,40,230,여유
2025-09-25 13:30:00,Thursday,제2-2열람실,136,36,100,여유
2025-09-25 13:30:00,Thursday,제2-2열람실 (대학원생 전용),62,11,51,여유
2025-09-25 14:00:00,Thursday,제1열람실,375,281,94,혼잡
2025-09-25 14:00:00,Thursday,제2-1열람실,270,46,224,여유
2025-09-25 14:00:00,Thursday,제2-2열람실,136,44,92,보통
2025-09-25 14:00:00,Thursday,제2-2열람실 (대학원생 전용),62,14,48,여유
2025-09-25 14:30:00,Thursday,제1열람실,375,292,83,혼잡
2025-09-25 14:30:00,Thursday,제2-1열람실,270,46,224,여유
2025-09-25 14:30:00,Thursday,제2-2열람실,136,47,89,보통
2025-09-25 14:30:00,Thursday,제2-2열람실 (대학원생 전용),62,14,48,여유
2025-09-25 15:30:00,Thursday,제1열람실,375,330,45,혼잡
2025-09-25 15:30:00,Thursday,제2-1열람실,270,61,209,여유
2025-09-25 15:30:00,Thursday,제2-2열람실,136,62,74,보통
2025-09-25 15:30:00,Thursday,제2-2열람실 (대학원생 전용),62,15,47,여유
2025-09-25 16:00:00,Thursday,제1열람실,375,358,17,혼잡
2025-09-25 16:00:00,Thursday,제2-1열람실,270,68,202,여유
2025-09-25 16:00:00,Thursday,제2-2열람실,136,71,65,보통
2025-09-25 16:00:00,Thursday,제2-2열람실 (대학원생 전용),62,20,42,보통
2025-09-25 16:30:00,Thursday,제1열람실,375,371,4,혼잡
2025-09-25 16:30:00,Thursday,제2-1열람실,270,68,202,여유
2025-09-25 16:30:00,Thursday,제2-2열람실,136,76,60,보통
2025-09-25 16:30:00,Thursday,제2-2열람실 (대학원생 전용),62,21,41,보통
2025-09-25 17:30:00,Thursday,제1열람실,375,358,17,혼잡
2025-09-25 17:30:00,Thursday,제2-1열람실,270,65,205,여유
2025-09-25 17:30:00,Thursday,제2-2열람실,136,80,56,보통
2025-09-25 17:30:00,Thursday,제2-2열람실 (대학원생 전용),62,22,40,보통
2025-09-25 18:00:00,Thursday,제1열람실,375,341,34,혼잡
2025-09-25 18:00:00,Thursday,제2-1열람실,270,68,202,여유
2025-09-25 18:00:00,Thursday,제2-2열람실,136,85,51,보통
2025-09-25 18:00:00,Thursday,제2-2열람실 (대학원생 전용),62,22,40,보통
2025-09-25 18:30:00,Thursday,제1열람실,375,339,36,혼잡
2025-09-25 18:30:00,Thursday,제2-1열람실,270,63,207,여유
2025-09-25 18:30:00,Thursday,제2-2열람실,136,87,49,보통
2025-09-25 18:30:00,Thursday,제2-2열람실 (대학원생 전용),62,21,41,보통
2025-09-25 19:00:00,Thursday,제1열람실,375,341,34,혼잡
2025-09-25 19:00:00,Thursday,제2-1열람실,270,58,212,여유
2025-09-25 19:00:00,Thursday,제2-2열람실,136,89,47,보통
2025-09-25 19:00:00,Thursday,제2-2열람실 (대학원생 전용),62,21,41,보통
2025-09-25 19:30:00,Thursday,제1열람실,375,334,41,혼잡
2025-09-25 19:30:00,Thursday,제2-1열람실,270,56,214,여유
2025-09-25 19:30:00,Thursday,제2-2열람실,136,93,43,보통
2025-09-25 19:30:00,Thursday,제2-2열람실 (대학원생 전용),62,21,41,보통
2025-09-25 20:00:00,Thursday,제1열람실,375,330,45,혼잡
2025-09-25 20:00:00,Thursday,제2-1열람실,270,57,213,여유
2025-09-25 20:00:00,Thursday,제2-2열람실,136,98,38,혼잡
2025-09-25 20:00:00,Thursday,제2-2열람실 (대학원생 전용),62,21,41,보통
2025-09-25 20:30:00,Thursday,제1열람실,375,332,43,혼잡
2025-09-25 20:30:00,Thursday,제2-1열람실,270,58,212,여유
2025-09-25 20:30:00,Thursday,제2-2열람실,136,95,41,보통
2025-09-25 20:30:00,Thursday,제2-2열람실 (대학원생 전용),62,22,40,보통
2025-09-25 21:00:00,Thursday,제1열람실,375,328,47,혼잡
2025-09-25 21:00:00,Thursday,제2-1열람실,270,66,204,여유
2025-09-25 21:00:00,Thursday,제2-2열람실,136,96,40,혼잡
2025-09-25 21:00:00,Thursday,제2-2열람실 (대학원생 전용),62,24,38,보통
2025-09-25 21:30:00,Thursday,제1열람실,375,301,74,혼잡
2025-09-25 21:30:00,Thursday,제2-1열람실,270,59,211,여유
2025-09-25 21:30:00,Thursday,제2-2열람실,136,94,42,보통
2025-09-25 21:30:00,Thursday,제2-2열람실 (대학원생 전용),62,19,43,보통
2025-09-25 22:00:00,Thursday,제1열람실,375,294,81,혼잡
2025-09-25 22:00:00,Thursday,제2-1열람실,270,60,210,여유
2025-09-25 22:00:00,Thursday,제2-2열람실,136,94,42,보통
2025-09-25 22:00:00,Thursday,제2-2열람실 (대학원생 전용),62,17,45,여유
2025-09-25 22:30:00,Thursday,제1열람실,375,260,115,보통
2025-09-25 22:30:00,Thursday,제2-1열람실,270,53,217,여유
2025-09-25 22:30:00,Thursday,제2-2열람실,136,89,47,보통
2025-09-25 22:30:00,Thursday,제2-2열람실 (대학원생 전용),62,16,46,여유
2025-09-25 23:00:00,Thursday,제1열람실,375,201,174,보통
2025-09-25 23:00:00,Thursday,제2-1열람실,270,44,226,여유
2025-09-25 23:00:00,Thursday,제2-2열람실,136,79,57,보통
2025-09-25 23:00:00,Thursday,제2-2열람실 (대학원생 전용),62,12,50,여유
2025-09-25 23:30:00,Thursday,제1열람실,375,167,208,보통
2025-09-25 23:30:00,Thursday,제2-1열람실,270,38,232,여유
2025-09-25 23:30:00,Thursday,제2-2열람실,136,76,60,보통
2025-09-25 23:30:00,Thursday,제2-2열람실 (대학원생 전용),62,11,51,여유
2025-09-26 00:00:00,Friday,제1열람실,375,137,238,보통
2025-09-26 00:00:00,Friday,제2-1열람실,270,0,270,여유
2025-09-26 00:00:00,Friday,제2-2열람실,136,79,57,보통
2025-09-26 00:00:00,Friday,제2-2열람실 (대학원생 전용),62,11,51,여유
2025-09-26 06:00:00,Friday,제1열람실,375,1,374,여유
2025-09-26 06:00:00,Friday,제2-1열람실,270,0,270,여유
2025-09-26 06:00:00,Friday,제2-2열람실,136,4,132,여유
2025-09-26 06:00:00,Friday,제2-2열람실 (대학원생 전용),62,1,61,여유
2025-09-26 06:30:00,Friday,제1열람실,375,1,374,여유
2025-09-26 06:30:00,Friday,제2-1열람실,270,0,270,여유
2025-09-26 06:30:00,Friday,제2-2열람실,136,3,133,여유
2025-09-26 06:30:00,Friday,제2-2열람실 (대학원생 전용),62,1,61,여유
2025-09-26 07:00:00,Friday,제1열람실,375,3,372,여유
2025-09-26 07:00:00,Friday,제2-1열람실,270,0,270,여유
2025-09-26 07:00:00,Friday,제2-2열람실,136,3,133,여유
2025-09-26 07:00:00,Friday,제2-2열람실 (대학원생 전용),62,2,60,여유
2025-09-26 07:30:00,Friday,제1열람실,375,6,369,여유
2025-09-26 07:30:00,Friday,제2-1열람실,270,0,270,여유
2025-09-26 07:30:00,Friday,제2-2열람실,136,2,134,여유
2025-09-26 07:30:00,Friday,제2-2열람실 (대학원생 전용),62,1,61,여유
2025-09-26 08:00:00,Friday,제1열람실,375,13,362,여유
2025-09-26 08:00:00,Friday,제2-1열람실,270,2,268,여유
2025-09-26 08:00:00,Friday,제2-2열람실,136,7,129,여유
2025-09-26 08:00:00,Friday,제2-2열람실 (대학원생 전용),62,1,61,여유
2025-09-26 08:30:00,Friday,제1열람실,375,19,356,여유
2025-09-26 08:30:00,Friday,제2-1열람실,270,3,267,여유
2025-09-26 08:30:00,Friday,제2-2열람실,136,9,127,여유
2025-09-26 08:30:00,Friday,제2-2열람실 (대학원생 전용),62,3,59,여유
2025-09-26 09:00:00,Friday,제1열람실,375,36,339,여유
2025-09-26 09:00:00,Friday,제2-1열람실,270,5,265,여유
2025-09-26 09:00:00,Friday,제2-2열람실,136,12,124,여유
2025-09-26 09:00:00,Friday,제2-2열람실 (대학원생 전용),62,5,57,여유
2025-09-26 09:30:00,Friday,제1열람실,375,48,327,여유
2025-09-26 09:30:00,Friday,제2-1열람실,270,8,262,여유
2025-09-26 09:30:00,Friday,제2-2열람실,136,11,125,여유
2025-09-26 09:30:00,Friday,제2-2열람실 (대학원생 전용),62,5,57,여유
2025-09-26 10:00:00,Friday,제1열람실,375,65,310,여유
2025-09-26 10:00:00,Friday,제2-1열람실,270,9,261,여유
2025-09-26 10:00:00,Friday,제2-2열람실,136,15,121,여유
2025-09-26 10:00:00,Friday,제2-2열람실 (대학원생 전용),62,6,56,여유
2025-09-26 10:30:00,Friday,제1열람실,375,73,302,여유
2025-09-26 10:30:00,Friday,제2-1열람실,270,11,259,여유
2025-09-26 10:30:00,Friday,제2-2열람실,136,17,119,여유
2025-09-26 10:30:00,Friday,제2-2열람실 (대학원생 전용),62,6,56,여유
2025-09-26 11:00:00,Friday,제1열람실,375,94,281,여유
2025-09-26 11:00:00,Friday,제2-1열람실,270,11,259,여유
2025-09-26 11:00:00,Friday,제2-2열람실,136,18,118,여유
2025-09-26 11:00:00,Friday,제2-2열람실 (대학원생 전용),62,7,55,여유
2025-09-26 11:30:00,Friday,제1열람실,375,110,265,여유
2025-09-26 11:30:00,Friday,제2-1열람실,270,13,257,여유
2025-09-26 11:30:00,Friday,제2-2열람실,136,20,116,여유
2025-09-26 11:30:00,Friday,제2-2열람실 (대학원생 전용),62,8,54,여유
2025-09-26 12:00:00,Friday,제1열람실,375,141,234,보통
2025-09-26 12:00:00,Friday,제2-1열람실,270,18,252,여유
2025-09-26 12:00:00,Friday,제2-2열람실,136,24,112,여유
2025-09-26 12:00:00,Friday,제2-2열람실 (대학원생 전용),62,8,54,여유
2025-09-26 12:30:00,Friday,제1열람실,375,142,233,보통
2025-09-26 12:30:00,Friday,제2-1열람실,270,18,252,여유
2025-09-26 12:30:00,Friday,제2-2열람실,136,24,112,여유
2025-09-26 12:30:00,Friday,제2-2열람실 (대학원생 전용),62,9,53,여유
2025-09-26 13:00:00,Friday,제1열람실,375,176,199,보통
2025-09-26 13:00:00,Friday,제2-1열람실,270,21,249,여유
2025-09-26 13:00:00,Friday,제2-2열람실,136,32,104,여유
2025-09-26 13:00:00,Friday,제2-2열람실 (대학원생 전용),62,12,50,여유
2025-09-26 13:30:00,Friday,제1열람실,375,195,180,보통
2025-09-26 13:30:00,Friday,제2-1열람실,270,26,244,여유
2025-09-26 13:30:00,Friday,제2-2열람실,136,37,99,여유
2025-09-26 13:30:00,Friday,제2-2열람실 (대학원생 전용),62,12,50,여유
2025-09-26 14:00:00,Friday,제1열람실,375,216,159,보통
2025-09-26 14:00:00,Friday,제2-1열람실,270,30,240,여유
2025-09-26 14:00:00,Friday,제2-2열람실,136,39,97,여유
2025-09-26 14:00:00,Friday,제2-2열람실 (대학원생 전용),62,13,49,여유
2025-09-26 14:30:00,Friday,제1열람실,375,232,143,보통
2025-09-26 14:30:00,Friday,제2-1열람실,270,32,238,여유
2025-09-26 14:30:00,Friday,제2-2열람실,136,41,95,보통
2025-09-26 14:30:00,Friday,제2-2열람실 (대학원생 전용),62,13,49,여유
2025-09-26 15:00:00,Friday,제1열람실,375,249,126,보통
2025-09-26 15:00:00,Friday,제2-1열람실,270,28,242,여유
2025-09-26 15:00:00,Friday,제2-2열람실,136,42,94,보통
2025-09-26 15:00:00,Friday,제2-2열람실 (대학원생 전용),62,13,49,여유
2025-09-26 15:30:00,Friday,제1열람실,375,266,109,혼잡
2025-09-26 15:30:00,Friday,제2-1열람실,270,30,240,여유
2025-09-26 15:30:00,Friday,제2-2열람실,136,44,92,보통
2025-09-26 15:30:00,Friday,제2-2열람실 (대학원생 전용),62,14,48,여유
2025-09-26 16:00:00,Friday,제1열람실,375,269,106,혼잡
2025-09-26 16:00:00,Friday,제2-1열람실,270,32,238,여유
2025-09-26 16:00:00,Friday,제2-2열람실,136,44,92,보통
2025-09-26 16:00:00,Friday,제2-2열람실 (대학원생 전용),62,17,45,여유
2025-09-26 16:30:00,Friday,제1열람실,375,274,101,혼잡
2025-09-26 16:30:00,Friday,제2-1열람실,270,34,236,여유
2025-09-26 16:30:00,Friday,제2-2열람실,136,45,91,보통
2025-09-26 16:30:00,Friday,제2-2열람실 (대학원생 전용),62,15,47,여유
2025-09-26 17:00:00,Friday,제1열람실,375,278,97,혼잡
2025-09-26 17:00:00,Friday,제2-1열람실,270,37,233,여유
2025-09-26 17:00:00,Friday,제2-2열람실,136,52,84,보통
2025-09-26 17:00:00,Friday,제2-2열람실 (대학원생 전용),62,15,47,여유
2025-09-26 17:30:00,Friday,제1열람실,375,284,91,혼잡
2025-09-26 17:30:00,Friday,제2-1열람실,270,38,232,여유
2025-09-26 17:30:00,Friday,제2-2열람실,136,51,85,보통
2025-09-26 17:30:00,Friday,제2-2열람실 (대학원생 전용),62,16,46,여유
2025-09-26 18:00:00,Friday,제1열람실,375,277,98,혼잡
2025-09-26 18:00:00,Friday,제2-1열람실,270,35,235,여유
2025-09-26 18:00:00,Friday,제2-2열람실,136,53,83,보통
2025-09-26 18:00:00,Friday,제2-2열람실 (대학원생 전용),62,16,46,여유
2025-09-26 18:30:00,Friday,제1열람실,375,278,97,혼잡
2025-09-26 18:30:00,Friday,제2-1열람실,270,35,235,여유
2025-09-26 18:30:00,Friday,제2-2열람실,136,53,83,보통
2025-09-26 18:30:00,Friday,제2-2열람실 (대학원생 전용),62,16,46,여유
2025-09-26 19:00:00,Friday,제1열람실,375,275,100,혼잡
2025-09-26 19:00:00,Friday,제2-1열람실,270,33,237,여유
2025-09-26 19:00:00,Friday,제2-2열람실,136,57,79,보통
2025-09-26 19:00:00,Friday,제2-2열람실 (대학원생 전용),62,15,47,여유
2025-09-26 19:30:00,Friday,제1열람실,375,280,95,혼잡
2025-09-26 19:30:00,Friday,제2-1열람실,270,34,236,여유
2025-09-26 19:30:00,Friday,제2-2열람실,136,61,75,보통
2025-09-26 19:30:00,Friday,제2-2열람실 (대학원생 전용),62,15,47,여유
2025-09-26 20:00:00,Friday,제1열람실,375,274,101,혼잡
2025-09-26 20:00:00,Friday,제2-1열람실,270,30,240,여유
2025-09-26 20:00:00,Friday,제2-2열람실,136,68,68,보통
2025-09-26 20:00:00,Friday,제2-2열람실 (대학원생 전용),62,14,48,여유
2025-09-26 20:30:00,Friday,제1열람실,375,269,106,혼잡
2025-09-26 20:30:00,Friday,제2-1열람실,270,26,244,여유
2025-09-26 20:30:00,Friday,제2-2열람실,136,68,68,보통
2025-09-26 20:30:00,Friday,제2-2열람실 (대학원생 전용),62,14,48,여유
2025-09-26 21:00:00,Friday,제1열람실,375,251,124,보통
2025-09-26 21:00:00,Friday,제2-1열람실,270,34,236,여유
2025-09-26 21:00:00,Friday,제2-2열람실,136,68,68,보통
2025-09-26 21:00:00,Friday,제2-2열람실 (대학원생 전용),62,11,51,여유
2025-09-26 21:30:00,Friday,제1열람실,375,247,128,보통
2025-09-26 21:30:00,Friday,제2-1열람실,270,35,235,여유
2025-09-26 21:30:00,Friday,제2-2열람실,136,67,69,보통
2025-09-26 21:30:00,Friday,제2-2열람실 (대학원생 전용),62,12,50,여유
2025-09-26 22:00:00,Friday,제1열람실,375,208,167,보통
2025-09-26 22:00:00,Friday,제2-1열람실,270,30,240,여유
2025-09-26 22:00:00,Friday,제2-2열람실,136,62,74,보통
2025-09-26 22:00:00,Friday,제2-2열람실 (대학원생 전용),62,9,53,여유
2025-09-26 22:00:00,Friday,제1열람실,375,207,168,보통
2025-09-26 22:00:00,Friday,제2-1열람실,270,30,240,여유
2025-09-26 22:00:00,Friday,제2-2열람실,136,62,74,보통
2025-09-26 22:00:00,Friday,제2-2열람실 (대학원생 전용),62,9,53,여유
2025-09-26 22:30:00,Friday,제1열람실,375,193,182,보통
2025-09-26 22:30:00,Friday,제2-1열람실,270,28,242,여유
2025-09-26 22:30:00,Friday,제2-2열람실,136,60,76,보통
2025-09-26 22:30:00,Friday,제2-2열람실 (대학원생 전용),62,10,52,여유
2025-09-26 23:00:00,Friday,제1열람실,375,170,205,보통
2025-09-26 23:00:00,Friday,제2-1열람실,270,24,246,여유
2025-09-26 23:00:00,Friday,제2-2열람실,136,56,80,보통
2025-09-26 23:00:00,Friday,제2-2열람실 (대학원생 전용),62,8,54,여유
2025-09-26 23:30:00,Friday,제1열람실,375,141,234,보통
2025-09-26 23:30:00,Friday,제2-1열람실,270,20,250,여유
2025-09-26 23:30:00,Friday,제2-2열람실,136,51,85,보통
2025-09-26 23:30:00,Friday,제2-2열람실 (대학원생 전용),62,7,55,여유
2025-09-27 06:00:00,Saturday,제1열람실,375,0,375,여유
2025-09-27 06:00:00,Saturday,제2-1열람실,270,0,270,여유
2025-09-27 06:00:00,Saturday,제2-2열람실,136,4,132,여유
2025-09-27 06:00:00,Saturday,제2-2열람실 (대학원생 전용),62,0,62,여유
2025-09-27 06:30:00,Saturday,제1열람실,375,0,375,여유
2025-09-27 06:30:00,Saturday,제2-1열람실,270,0,270,여유
2025-09-27 06:30:00,Saturday,제2-2열람실,136,4,132,여유
2025-09-27 06:30:00,Saturday,제2-2열람실 (대학원생 전용),62,0,62,여유
2025-09-27 07:00:00,Saturday,제1열람실,375,0,375,여유
2025-09-27 07:00:00,Saturday,제2-1열람실,270,0,270,여유
2025-09-27 07:00:00,Saturday,제2-2열람실,136,2,134,여유
2025-09-27 07:00:00,Saturday,제2-2열람실 (대학원생 전용),62,1,61,여유
2025-09-27 07:30:00,Saturday,제1열람실,375,0,375,여유
2025-09-27 07:30:00,Saturday,제2-1열람실,270,0,270,여유
2025-09-27 07:30:00,Saturday,제2-2열람실,136,2,134,여유
2025-09-27 07:30:00,Saturday,제2-2열람실 (대학원생 전용),62,1,61,여유
2025-09-27 08:00:00,Saturday,제1열람실,375,0,375,여유
2025-09-27 08:00:00,Saturday,제2-1열람실,270,1,269,여유
2025-09-27 08:00:00,Saturday,제2-2열람실,136,5,131,여유
2025-09-27 08:00:00,Saturday,제2-2열람실 (대학원생 전용),62,1,61,여유
2025-09-27 08:30:00,Saturday,제1열람실,375,0,375,여유
2025-09-27 08:30:00,Saturday,제2-1열람실,270,4,266,여유
2025-09-27 08:30:00,Saturday,제2-2열람실,136,7,129,여유
2025-09-27 08:30:00,Saturday,제2-2열람실 (대학원생 전용),62,1,61,여유
2025-09-27 10:00:00,Saturday,제1열람실,375,0,375,여유
2025-09-27 10:00:00,Saturday,제2-1열람실,270,9,261,여유
2025-09-27 10:00:00,Saturday,제2-2열람실,136,22,114,여유
2025-09-27 10:00:00,Saturday,제2-2열람실 (대학원생 전용),62,4,58,여유
2025-09-27 11:30:00,Saturday,제1열람실,375,0,375,여유
2025-09-27 11:30:00,Saturday,제2-1열람실,270,15,255,여유
2025-09-27 11:30:00,Saturday,제2-2열람실,136,39,97,여유
2025-09-27 11:30:00,Saturday,제2-2열람실 (대학원생 전용),62,6,56,여유
2025-09-27 12:00:00,Saturday,제1열람실,375,47,328,여유
2025-09-27 12:00:00,Saturday,제2-1열람실,270,16,254,여유
2025-09-27 12:00:00,Saturday,제2-2열람실,136,39,97,여유
2025-09-27 12:00:00,Saturday,제2-2열람실 (대학원생 전용),62,8,54,여유
2025-09-27 12:00:00,Saturday,제1열람실,375,54,321,여유
2025-09-27 12:00:00,Saturday,제2-1열람실,270,17,253,여유
2025-09-27 12:00:00,Saturday,제2-2열람실,136,40,96,여유
2025-09-27 12:00:00,Saturday,제2-2열람실 (대학원생 전용),62,7,55,여유
2025-09-27 12:30:00,Saturday,제1열람실,375,68,307,여유
2025-09-27 12:30:00,Saturday,제2-1열람실,270,18,252,여유
2025-09-27 12:30:00,Saturday,제2-2열람실,136,42,94,보통
2025-09-27 12:30:00,Saturday,제2-2열람실 (대학원생 전용),62,9,53,여유
2025-09-27 13:00:00,Saturday,제1열람실,375,101,274,여유
2025-09-27 13:00:00,Saturday,제2-1열람실,270,18,252,여유
2025-09-27 13:00:00,Saturday,제2-2열람실,136,45,91,보통
2025-09-27 13:00:00,Saturday,제2-2열람실 (대학원생 전용),62,9,53,여유
2025-09-27 13:30:00,Saturday,제1열람실,375,122,253,보통
2025-09-27 13:30:00,Saturday,제2-1열람실,270,21,249,여유
2025-09-27 13:30:00,Saturday,제2-2열람실,136,48,88,보통
2025-09-27 13:30:00,Saturday,제2-2열람실 (대학원생 전용),62,10,52,여유
2025-09-27 14:00:00,Saturday,제1열람실,375,152,223,보통
2025-09-27 14:00:00,Saturday,제2-1열람실,270,26,244,여유
2025-09-27 14:00:00,Saturday,제2-2열람실,136,47,89,보통
2025-09-27 14:00:00,Saturday,제2-2열람실 (대학원생 전용),62,10,52,여유
2025-09-27 14:30:00,Saturday,제1열람실,375,165,210,보통
2025-09-27 14:30:00,Saturday,제2-1열람실,270,26,244,여유
2025-09-27 14:30:00,Saturday,제2-2열람실,136,47,89,보통
2025-09-27 14:30:00,Saturday,제2-2열람실 (대학원생 전용),62,11,51,여유
2025-09-27 15:00:00,Saturday,제1열람실,375,206,169,보통
2025-09-27 15:00:00,Saturday,제2-1열람실,270,29,241,여유
2025-09-27 15:00:00,Saturday,제2-2열람실,136,52,84,보통
2025-09-27 15:00:00,Saturday,제2-2열람실 (대학원생 전용),62,10,52,여유
2025-09-27 15:30:00,Saturday,제1열람실,375,224,151,보통
2025-09-27 15:30:00,Saturday,제2-1열람실,270,32,238,여유
2025-09-27 15:30:00,Saturday,제2-2열람실,136,55,81,보통
2025-09-27 15:30:00,Saturday,제2-2열람실 (대학원생 전용),62,10,52,여유
2025-09-27 16:00:00,Saturday,제1열람실,375,245,130,보통
2025-09-27 16:00:00,Saturday,제2-1열람실,270,32,238,여유
2025-09-27 16:00:00,Saturday,제2-2열람실,136,58,78,보통
2025-09-27 16:00:00,Saturday,제2-2열람실 (대학원생 전용),62,9,53,여유
2025-09-27 16:30:00,Saturday,제1열람실,375,252,123,보통
2025-09-27 16:30:00,Saturday,제2-1열람실,270,34,236,여유
2025-09-27 16:30:00,Saturday,제2-2열람실,136,63,73,보통
2025-09-27 16:30:00,Saturday,제2-2열람실 (대학원생 전용),62,9,53,여유
2025-09-27 17:00:00,Saturday,제1열람실,375,267,108,혼잡
2025-09-27 17:00:00,Saturday,제2-1열람실,270,46,224,여유
2025-09-27 17:00:00,Saturday,제2-2열람실,136,67,69,보통
2025-09-27 17:00:00,Saturday,제2-2열람실 (대학원생 전용),62,11,51,여유
2025-09-27 17:30:00,Saturday,제1열람실,375,263,112,혼잡
2025-09-27 17:30:00,Saturday,제2-1열람실,270,43,227,여유
2025-09-27 17:30:00,Saturday,제2-2열람실,136,69,67,보통
2025-09-27 17:30:00,Saturday,제2-2열람실 (대학원생 전용),62,11,51,여유
2025-09-27 18:00:00,Saturday,제1열람실,375,262,113,보통
2025-09-27 18:00:00,Saturday,제2-1열람실,270,45,225,여유
2025-09-27 18:00:00,Saturday,제2-2열람실,136,73,63,보통
2025-09-27 18:00:00,Saturday,제2-2열람실 (대학원생 전용),62,10,52,여유
2025-09-27 18:30:00,Saturday,제1열람실,375,259,116,보통
2025-09-27 18:30:00,Saturday,제2-1열람실,270,43,227,여유
2025-09-27 18:30:00,Saturday,제2-2열람실,136,74,62,보통
2025-09-27 18:30:00,Saturday,제2-2열람실 (대학원생 전용),62,10,52,여유
2025-09-27 19:00:00,Saturday,제1열람실,375,261,114,보통
2025-09-27 19:00:00,Saturday,제2-1열람실,270,43,227,여유
2025-09-27 19:00:00,Saturday,제2-2열람실,136,72,64,보통
2025-09-27 19:00:00,Saturday,제2-2열람실 (대학원생 전용),62,13,49,여유
2025-09-27 19:30:00,Saturday,제1열람실,375,255,120,보통
2025-09-27 19:30:00,Saturday,제2-1열람실,270,42,228,여유
2025-09-27 19:30:00,Saturday,제2-2열람실,136,71,65,보통
2025-09-27 19:30:00,Saturday,제2-2열람실 (대학원생 전용),62,11,51,여유
2025-09-27 20:00:00,Saturday,제1열람실,375,254,121,보통
2025-09-27 20:00:00,Saturday,제2-1열람실,270,35,235,여유
2025-09-27 20:00:00,Saturday,제2-2열람실,136,70,66,보통
2025-09-27 20:00:00,Saturday,제2-2열람실 (대학원생 전용),62,10,52,여유
2025-09-27 20:30:00,Saturday,제1열람실,375,249,126,보통
2025-09-27 20:30:00,Saturday,제2-1열람실,270,36,234,여유
2025-09-27 20:30:00,Saturday,제2-2열람실,136,69,67,보통
2025-09-27 20:30:00,Saturday,제2-2열람실 (대학원생 전용),62,12,50,여유
2025-09-27 21:30:00,Saturday,제1열람실,375,227,148,보통
2025-09-27 21:30:00,Saturday,제2-1열람실,270,35,235,여유
2025-09-27 21:30:00,Saturday,제2-2열람실,136,62,74,보통
2025-09-27 21:30:00,Saturday,제2-2열람실 (대학원생 전용),62,12,50,여유
2025-09-27 22:00:00,Saturday,제1열람실,375,207,168,보통
2025-09-27 22:00:00,Saturday,제2-1열람실,270,23,247,여유
2025-09-27 22:00:00,Saturday,제2-2열람실,136,54,82,보통
2025-09-27 22:00:00,Saturday,제2-2열람실 (대학원생 전용),62,13,49,여유
2025-09-27 22:30:00,Saturday,제1열람실,375,195,180,보통
2025-09-27 22:30:00,Saturday,제2-1열람실,270,21,249,여유
2025-09-27 22:30:00,Saturday,제2-2열람실,136,52,84,보통
2025-09-27 22:30:00,Saturday,제2-2열람실 (대학원생 전용),62,13,49,여유
2025-09-27 23:00:00,Saturday,제1열람실,375,167,208,보통
2025-09-27 23:00:00,Saturday,제2-1열람실,270,14,256,여유
2025-09-27 23:00:00,Saturday,제2-2열람실,136,47,89,보통
2025-09-27 23:00:00,Saturday,제2-2열람실 (대학원생 전용),62,9,53,여유
2025-09-27 23:30:00,Saturday,제1열람실,375,144,231,보통
2025-09-27 23:30:00,Saturday,제2-1열람실,270,14,256,여유
2025-09-27 23:30:00,Saturday,제2-2열람실,136,45,91,보통
2025-09-27 23:30:00,Saturday,제2-2열람실 (대학원생 전용),62,8,54,여유
2025-09-28 06:00:00,Sunday,제1열람실,375,0,375,여유
2025-09-28 06:00:00,Sunday,제2-1열람실,270,0,270,여유
2025-09-28 06:00:00,Sunday,제2-2열람실,136,7,129,여유
2025-09-28 06:00:00,Sunday,제2-2열람실 (대학원생 전용),62,0,62,여유
2025-09-28 06:30:00,Sunday,제1열람실,375,1,374,여유
2025-09-28 06:30:00,Sunday,제2-1열람실,270,0,270,여유
2025-09-28 06:30:00,Sunday,제2-2열람실,136,3,133,여유
2025-09-28 06:30:00,Sunday,제2-2열람실 (대학원생 전용),62,0,62,여유
2025-09-28 07:00:00,Sunday,제1열람실,375,1,374,여유
2025-09-28 07:00:00,Sunday,제2-1열람실,270,0,270,여유
2025-09-28 07:00:00,Sunday,제2-2열람실,136,2,134,여유
2025-09-28 07:00:00,Sunday,제2-2열람실 (대학원생 전용),62,0,62,여유
2025-09-28 07:30:00,Sunday,제1열람실,375,1,374,여유
2025-09-28 07:30:00,Sunday,제2-1열람실,270,0,270,여유
2025-09-28 07:30:00,Sunday,제2-2열람실,136,3,133,여유
2025-09-28 07:30:00,Sunday,제2-2열람실 (대학원생 전용),62,0,62,여유
2025-09-28 08:00:00,Sunday,제1열람실,375,2,373,여유
2025-09-28 08:00:00,Sunday,제2-1열람실,270,0,270,여유
2025-09-28 08:00:00,Sunday,제2-2열람실,136,5,131,여유
2025-09-28 08:00:00,Sunday,제2-2열람실 (대학원생 전용),62,0,62,여유
2025-09-28 08:30:00,Sunday,제1열람실,375,5,370,여유
2025-09-28 08:30:00,Sunday,제2-1열람실,270,0,270,여유
2025-09-28 08:30:00,Sunday,제2-2열람실,136,5,131,여유
2025-09-28 08:30:00,Sunday,제2-2열람실 (대학원생 전용),62,0,62,여유
2025-09-28 10:00:00,Sunday,제1열람실,375,25,350,여유
2025-09-28 10:00:00,Sunday,제2-1열람실,270,2,268,여유
2025-09-28 10:00:00,Sunday,제2-2열람실,136,7,129,여유
2025-09-28 10:00:00,Sunday,제2-2열람실 (대학원생 전용),62,2,60,여유
2025-09-28 11:30:00,Sunday,제1열람실,375,60,315,여유
2025-09-28 11:30:00,Sunday,제2-1열람실,270,3,267,여유
2025-09-28 11:30:00,Sunday,제2-2열람실,136,10,126,여유
2025-09-28 11:30:00,Sunday,제2-2열람실 (대학원생 전용),62,2,60,여유
2025-09-28 11:30:00,Sunday,제1열람실,375,61,314,여유
2025-09-28 11:30:00,Sunday,제2-1열람실,270,3,267,여유
2025-09-28 11:30:00,Sunday,제2-2열람실,136,11,125,여유
2025-09-28 11:30:00,Sunday,제2-2열람실 (대학원생 전용),62,2,60,여유
2025-09-28 12:30:00,Sunday,제1열람실,375,89,286,여유
2025-09-28 12:30:00,Sunday,제2-1열람실,270,5,265,여유
2025-09-28 12:30:00,Sunday,제2-2열람실,136,15,121,여유
2025-09-28 12:30:00,Sunday,제2-2열람실 (대학원생 전용),62,4,58,여유
2025-09-28 13:00:00,Sunday,제1열람실,375,122,253,보통
2025-09-28 13:00:00,Sunday,제2-1열람실,270,6,264,여유
2025-09-28 13:00:00,Sunday,제2-2열람실,136,27,109,여유
2025-09-28 13:00:00,Sunday,제2-2열람실 (대학원생 전용),62,5,57,여유
2025-09-28 13:30:00,Sunday,제1열람실,375,144,231,보통
2025-09-28 13:30:00,Sunday,제2-1열람실,270,8,262,여유
2025-09-28 13:30:00,Sunday,제2-2열람실,136,30,106,여유
2025-09-28 13:30:00,Sunday,제2-2열람실 (대학원생 전용),62,6,56,여유
2025-09-28 14:00:00,Sunday,제1열람실,375,188,187,보통
2025-09-28 14:00:00,Sunday,제2-1열람실,270,14,256,여유
2025-09-28 14:00:00,Sunday,제2-2열람실,136,33,103,여유
2025-09-28 14:00:00,Sunday,제2-2열람실 (대학원생 전용),62,7,55,여유
2025-09-28 14:30:00,Sunday,제1열람실,375,216,159,보통
2025-09-28 14:30:00,Sunday,제2-1열람실,270,18,252,여유
2025-09-28 14:30:00,Sunday,제2-2열람실,136,34,102,여유
2025-09-28 14:30:00,Sunday,제2-2열람실 (대학원생 전용),62,7,55,여유
2025-09-28 15:00:00,Sunday,제1열람실,375,267,108,혼잡
2025-09-28 15:00:00,Sunday,제2-1열람실,270,26,244,여유
2025-09-28 15:00:00,Sunday,제2-2열람실,136,49,87,보통
2025-09-28 15:00:00,Sunday,제2-2열람실 (대학원생 전용),62,11,51,여유
2025-09-28 15:30:00,Sunday,제1열람실,375,290,85,혼잡
2025-09-28 15:30:00,Sunday,제2-1열람실,270,26,244,여유
2025-09-28 15:30:00,Sunday,제2-2열람실,136,52,84,보통
2025-09-28 15:30:00,Sunday,제2-2열람실 (대학원생 전용),62,13,49,여유
2025-09-28 16:00:00,Sunday,제1열람실,375,300,75,혼잡
2025-09-28 16:00:00,Sunday,제2-1열람실,270,28,242,여유
2025-09-28 16:00:00,Sunday,제2-2열람실,136,63,73,보통
2025-09-28 16:00:00,Sunday,제2-2열람실 (대학원생 전용),62,11,51,여유
2025-09-28 16:30:00,Sunday,제1열람실,375,310,65,혼잡
2025-09-28 16:30:00,Sunday,제2-1열람실,270,33,237,여유
2025-09-28 16:30:00,Sunday,제2-2열람실,136,65,71,보통
2025-09-28 16:30:00,Sunday,제2-2열람실 (대학원생 전용),62,11,51,여유
2025-09-28 17:00:00,Sunday,제1열람실,375,312,63,혼잡
2025-09-28 17:00:00,Sunday,제2-1열람실,270,48,222,여유
2025-09-28 17:00:00,Sunday,제2-2열람실,136,69,67,보통
2025-09-28 17:00:00,Sunday,제2-2열람실 (대학원생 전용),62,14,48,여유
2025-09-28 17:30:00,Sunday,제1열람실,375,313,62,혼잡
2025-09-28 17:30:00,Sunday,제2-1열람실,270,49,221,여유
2025-09-28 17:30:00,Sunday,제2-2열람실,136,68,68,보통
2025-09-28 17:30:00,Sunday,제2-2열람실 (대학원생 전용),62,15,47,여유
2025-09-28 18:00:00,Sunday,제1열람실,375,312,63,혼잡
2025-09-28 18:00:00,Sunday,제2-1열람실,270,46,224,여유
2025-09-28 18:00:00,Sunday,제2-2열람실,136,71,65,보통
2025-09-28 18:00:00,Sunday,제2-2열람실 (대학원생 전용),62,14,48,여유
2025-09-28 18:30:00,Sunday,제1열람실,375,303,72,혼잡
2025-09-28 18:30:00,Sunday,제2-1열람실,270,46,224,여유
2025-09-28 18:30:00,Sunday,제2-2열람실,136,72,64,보통
2025-09-28 18:30:00,Sunday,제2-2열람실 (대학원생 전용),62,14,48,여유
2025-09-28 19:00:00,Sunday,제1열람실,375,307,68,혼잡
2025-09-28 19:00:00,Sunday,제2-1열람실,270,49,221,여유
2025-09-28 19:00:00,Sunday,제2-2열람실,136,74,62,보통
2025-09-28 19:00:00,Sunday,제2-2열람실 (대학원생 전용),62,13,49,여유
2025-09-28 19:30:00,Sunday,제1열람실,375,298,77,혼잡
2025-09-28 19:30:00,Sunday,제2-1열람실,270,51,219,여유
2025-09-28 19:30:00,Sunday,제2-2열람실,136,78,58,보통
2025-09-28 19:30:00,Sunday,제2-2열람실 (대학원생 전용),62,14,48,여유
2025-09-28 20:00:00,Sunday,제1열람실,375,298,77,혼잡
2025-09-28 20:00:00,Sunday,제2-1열람실,270,47,223,여유
2025-09-28 20:00:00,Sunday,제2-2열람실,136,80,56,보통
2025-09-28 20:00:00,Sunday,제2-2열람실 (대학원생 전용),62,13,49,여유
2025-09-28 20:30:00,Sunday,제1열람실,375,296,79,혼잡
2025-09-28 20:30:00,Sunday,제2-1열람실,270,48,222,여유
2025-09-28 20:30:00,Sunday,제2-2열람실,136,78,58,보통
2025-09-28 20:30:00,Sunday,제2-2열람실 (대학원생 전용),62,11,51,여유
2025-09-28 21:30:00,Sunday,제1열람실,375,254,121,보통
2025-09-28 21:30:00,Sunday,제2-1열람실,270,36,234,여유
2025-09-28 21:30:00,Sunday,제2-2열람실,136,84,52,보통
2025-09-28 21:30:00,Sunday,제2-2열람실 (대학원생 전용),62,12,50,여유
2025-09-28 22:00:00,Sunday,제1열람실,375,242,133,보통
2025-09-28 22:00:00,Sunday,제2-1열람실,270,32,238,여유
2025-09-28 22:00:00,Sunday,제2-2열람실,136,77,59,보통
2025-09-28 22:00:00,Sunday,제2-2열람실 (대학원생 전용),62,13,49,여유
2025-09-28 22:30:00,Sunday,제1열람실,375,227,148,보통
2025-09-28 22:30:00,Sunday,제2-1열람실,270,29,241,여유
2025-09-28 22:30:00,Sunday,제2-2열람실,136,75,61,보통
2025-09-28 22:30:00,Sunday,제2-2열람실 (대학원생 전용),62,13,49,여유
2025-09-28 23:00:00,Sunday,제1열람실,375,202,173,보통
2025-09-28 23:00:00,Sunday,제2-1열람실,270,23,247,여유
2025-09-28 23:00:00,Sunday,제2-2열람실,136,73,63,보통
2025-09-28 23:00:00,Sunday,제2-2열람실 (대학원생 전용),62,9,53,여유
2025-09-28 23:30:00,Sunday,제1열람실,375,183,192,보통
2025-09-28 23:30:00,Sunday,제2-1열람실,270,20,250,여유
2025-09-28 23:30:00,Sunday,제2-2열람실,136,72,64,보통
2025-09-28 23:30:00,Sunday,제2-2열람실 (대학원생 전용),62,8,54,여유
2025-09-29 06:00:00,Monday,제1열람실,375,0,375,여유
2025-09-29 06:00:00,Monday,제2-1열람실,270,0,270,여유
2025-09-29 06:00:00,Monday,제2-2열람실,136,7,129,여유
2025-09-29 06:00:00,Monday,제2-2열람실 (대학원생 전용),62,1,61,여유
2025-09-29 06:30:00,Monday,제1열람실,375,0,375,여유
2025-09-29 06:30:00,Monday,제2-1열람실,270,0,270,여유
2025-09-29 06:30:00,Monday,제2-2열람실,136,6,130,여유
2025-09-29 06:30:00,Monday,제2-2열람실 (대학원생 전용),62,2,60,여유
2025-09-29 07:00:00,Monday,제1열람실,375,5,370,여유
2025-09-29 07:00:00,Monday,제2-1열람실,270,1,269,여유
2025-09-29 07:00:00,Monday,제2-2열람실,136,6,130,여유
2025-09-29 07:00:00,Monday,제2-2열람실 (대학원생 전용),62,2,60,여유
2025-09-29 07:30:00,Monday,제1열람실,375,9,366,여유
2025-09-29 07:30:00,Monday,제2-1열람실,270,2,268,여유
2025-09-29 07:30:00,Monday,제2-2열람실,136,9,127,여유
2025-09-29 07:30:00,Monday,제2-2열람실 (대학원생 전용),62,2,60,여유
2025-09-29 08:00:00,Monday,제1열람실,375,23,352,여유
2025-09-29 08:00:00,Monday,제2-1열람실,270,4,266,여유
2025-09-29 08:00:00,Monday,제2-2열람실,136,9,127,여유
2025-09-29 08:00:00,Monday,제2-2열람실 (대학원생 전용),62,2,60,여유
2025-09-29 08:30:00,Monday,제1열람실,375,52,323,여유
2025-09-29 08:30:00,Monday,제2-1열람실,270,8,262,여유
2025-09-29 08:30:00,Monday,제2-2열람실,136,12,124,여유
2025-09-29 08:30:00,Monday,제2-2열람실 (대학원생 전용),62,2,60,여유
2025-09-29 09:00:00,Monday,제1열람실,375,78,297,여유
2025-09-29 09:00:00,Monday,제2-1열람실,270,8,262,여유
2025-09-29 09:00:00,Monday,제2-2열람실,136,16,120,여유
2025-09-29 09:00:00,Monday,제2-2열람실 (대학원생 전용),62,6,56,여유
2025-09-29 10:00:00,Monday,제1열람실,375,137,238,보통
2025-09-29 10:00:00,Monday,제2-1열람실,270,15,255,여유
2025-09-29 10:00:00,Monday,제2-2열람실,136,25,111,여유
2025-09-29 10:00:00,Monday,제2-2열람실 (대학원생 전용),62,12,50,여유
2025-09-29 11:00:00,Monday,제1열람실,375,162,213,보통
2025-09-29 11:00:00,Monday,제2-1열람실,270,20,250,여유
2025-09-29 11:00:00,Monday,제2-2열람실,136,29,107,여유
2025-09-29 11:00:00,Monday,제2-2열람실 (대학원생 전용),62,12,50,여유
2025-09-29 11:30:00,Monday,제1열람실,375,188,187,보통
2025-09-29 11:30:00,Monday,제2-1열람실,270,28,242,여유
2025-09-29 11:30:00,Monday,제2-2열람실,136,30,106,여유
2025-09-29 11:30:00,Monday,제2-2열람실 (대학원생 전용),62,12,50,여유
2025-09-29 12:00:00,Monday,제1열람실,375,216,159,보통
2025-09-29 12:00:00,Monday,제2-1열람실,270,37,233,여유
2025-09-29 12:00:00,Monday,제2-2열람실,136,34,102,여유
2025-09-29 12:00:00,Monday,제2-2열람실 (대학원생 전용),62,13,49,여유
2025-09-29 12:30:00,Monday,제1열람실,375,222,153,보통
2025-09-29 12:30:00,Monday,제2-1열람실,270,37,233,여유
2025-09-29 12:30:00,Monday,제2-2열람실,136,37,99,여유
2025-09-29 12:30:00,Monday,제2-2열람실 (대학원생 전용),62,13,49,여유
2025-09-29 13:00:00,Monday,제1열람실,375,261,114,보통
2025-09-29 13:00:00,Monday,제2-1열람실,270,46,224,여유
2025-09-29 13:00:00,Monday,제2-2열람실,136,50,86,보통
2025-09-29 13:00:00,Monday,제2-2열람실 (대학원생 전용),62,13,49,여유
2025-09-29 13:30:00,Monday,제1열람실,375,276,99,혼잡
2025-09-29 13:30:00,Monday,제2-1열람실,270,50,220,여유
2025-09-29 13:30:00,Monday,제2-2열람실,136,56,80,보통
2025-09-29 13:30:00,Monday,제2-2열람실 (대학원생 전용),62,15,47,여유
2025-09-29 14:00:00,Monday,제1열람실,375,291,84,혼잡
2025-09-29 14:00:00,Monday,제2-1열람실,270,54,216,여유
2025-09-29 14:00:00,Monday,제2-2열람실,136,58,78,보통
2025-09-29 14:00:00,Monday,제2-2열람실 (대학원생 전용),62,17,45,여유
2025-09-29 14:30:00,Monday,제1열람실,375,301,74,혼잡
2025-09-29 14:30:00,Monday,제2-1열람실,270,50,220,여유
2025-09-29 14:30:00,Monday,제2-2열람실,136,63,73,보통
2025-09-29 14:30:00,Monday,제2-2열람실 (대학원생 전용),62,17,45,여유
2025-09-29 15:00:00,Monday,제1열람실,375,350,25,혼잡
2025-09-29 15:00:00,Monday,제2-1열람실,270,70,200,여유
2025-09-29 15:00:00,Monday,제2-2열람실,136,78,58,보통
2025-09-29 15:00:00,Monday,제2-2열람실 (대학원생 전용),62,18,44,여유
2025-09-29 15:30:00,Monday,제1열람실,375,351,24,혼잡
2025-09-29 15:30:00,Monday,제2-1열람실,270,71,199,여유
2025-09-29 15:30:00,Monday,제2-2열람실,136,78,58,보통
2025-09-29 15:30:00,Monday,제2-2열람실 (대학원생 전용),62,17,45,여유
2025-09-29 16:00:00,Monday,제1열람실,375,361,14,혼잡
2025-09-29 16:00:00,Monday,제2-1열람실,270,73,197,여유
2025-09-29 16:00:00,Monday,제2-2열람실,136,86,50,보통
2025-09-29 16:00:00,Monday,제2-2열람실 (대학원생 전용),62,17,45,여유
2025-09-29 16:30:00,Monday,제1열람실,375,369,6,혼잡
2025-09-29 16:30:00,Monday,제2-1열람실,270,84,186,보통
2025-09-29 16:30:00,Monday,제2-2열람실,136,93,43,보통
2025-09-29 16:30:00,Monday,제2-2열람실 (대학원생 전용),62,18,44,여유
2025-09-29 17:00:00,Monday,제1열람실,375,374,1,혼잡
2025-09-29 17:00:00,Monday,제2-1열람실,270,84,186,보통
2025-09-29 17:00:00,Monday,제2-2열람실,136,105,31,혼잡
2025-09-29 17:00:00,Monday,제2-2열람실 (대학원생 전용),62,18,44,여유
2025-09-29 17:30:00,Monday,제1열람실,375,374,1,혼잡
2025-09-29 17:30:00,Monday,제2-1열람실,270,86,184,보통
2025-09-29 17:30:00,Monday,제2-2열람실,136,105,31,혼잡
2025-09-29 17:30:00,Monday,제2-2열람실 (대학원생 전용),62,17,45,여유
2025-09-29 18:00:00,Monday,제1열람실,375,374,1,혼잡
2025-09-29 18:00:00,Monday,제2-1열람실,270,89,181,보통
2025-09-29 18:00:00,Monday,제2-2열람실,136,114,22,혼잡
2025-09-29 18:00:00,Monday,제2-2열람실 (대학원생 전용),62,17,45,여유
2025-09-29 18:30:00,Monday,제1열람실,375,375,0,혼잡
2025-09-29 18:30:00,Monday,제2-1열람실,270,91,179,보통
2025-09-29 18:30:00,Monday,제2-2열람실,136,124,12,혼잡
2025-09-29 18:30:00,Monday,제2-2열람실 (대학원생 전용),62,17,45,여유
2025-09-29 19:00:00,Monday,제1열람실,375,374,1,혼잡
2025-09-29 19:00:00,Monday,제2-1열람실,270,103,167,보통
2025-09-29 19:00:00,Monday,제2-2열람실,136,132,4,혼잡
2025-09-29 19:00:00,Monday,제2-2열람실 (대학원생 전용),62,18,44,여유
2025-09-29 19:30:00,Monday,제1열람실,375,373,2,혼잡
2025-09-29 19:30:00,Monday,제2-1열람실,270,108,162,보통
2025-09-29 19:30:00,Monday,제2-2열람실,136,125,11,혼잡
2025-09-29 19:30:00,Monday,제2-2열람실 (대학원생 전용),62,19,43,보통
2025-09-29 20:00:00,Monday,제1열람실,375,374,1,혼잡
2025-09-29 20:00:00,Monday,제2-1열람실,270,113,157,보통
2025-09-29 20:00:00,Monday,제2-2열람실,136,128,8,혼잡
2025-09-29 20:00:00,Monday,제2-2열람실 (대학원생 전용),62,20,42,보통
2025-09-29 20:30:00,Monday,제1열람실,375,374,1,혼잡
2025-09-29 20:30:00,Monday,제2-1열람실,270,120,150,보통
2025-09-29 20:30:00,Monday,제2-2열람실,136,131,5,혼잡
2025-09-29 20:30:00,Monday,제2-2열람실 (대학원생 전용),62,21,41,보통
2025-09-29 21:30:00,Monday,제1열람실,375,359,16,혼잡
2025-09-29 21:30:00,Monday,제2-1열람실,270,125,145,보통
2025-09-29 21:30:00,Monday,제2-2열람실,136,119,17,혼잡
2025-09-29 21:30:00,Monday,제2-2열람실 (대학원생 전용),62,22,40,보통
2025-09-29 22:00:00,Monday,제1열람실,375,312,63,혼잡
2025-09-29 22:00:00,Monday,제2-1열람실,270,102,168,보통
2025-09-29 22:00:00,Monday,제2-2열람실,136,103,33,혼잡
2025-09-29 22:00:00,Monday,제2-2열람실 (대학원생 전용),62,15,47,여유
2025-09-29 22:30:00,Monday,제1열람실,375,294,81,혼잡
2025-09-29 22:30:00,Monday,제2-1열람실,270,86,184,보통
2025-09-29 22:30:00,Monday,제2-2열람실,136,95,41,보통
2025-09-29 22:30:00,Monday,제2-2열람실 (대학원생 전용),62,15,47,여유
2025-09-29 23:00:00,Monday,제1열람실,375,263,112,혼잡
2025-09-29 23:00:00,Monday,제2-1열람실,270,75,195,여유
2025-09-29 23:00:00,Monday,제2-2열람실,136,88,48,보통
2025-09-29 23:00:00,Monday,제2-2열람실 (대학원생 전용),62,14,48,여유
2025-09-29 23:30:00,Monday,제1열람실,375,232,143,보통
2025-09-29 23:30:00,Monday,제2-1열람실,270,68,202,여유
2025-09-29 23:30:00,Monday,제2-2열람실,136,89,47,보통
2025-09-29 23:30:00,Monday,제2-2열람실 (대학원생 전용),62,14,48,여유
2025-09-30 06:00:00,Tuesday,제1열람실,375,1,374,여유
2025-09-30 06:00:00,Tuesday,제2-1열람실,270,0,270,여유
2025-09-30 06:00:00,Tuesday,제2-2열람실,136,13,123,여유
2025-09-30 06:00:00,Tuesday,제2-2열람실 (대학원생 전용),62,2,60,여유
2025-09-30 06:30:00,Tuesday,제1열람실,375,2,373,여유
2025-09-30 06:30:00,Tuesday,제2-1열람실,270,0,270,여유
2025-09-30 06:30:00,Tuesday,제2-2열람실,136,8,128,여유
2025-09-30 06:30:00,Tuesday,제2-2열람실 (대학원생 전용),62,2,60,여유
2025-09-30 07:00:00,Tuesday,제1열람실,375,12,363,여유
2025-09-30 07:00:00,Tuesday,제2-1열람실,270,0,270,여유
2025-09-30 07:00:00,Tuesday,제2-2열람실,136,8,128,여유
2025-09-30 07:00:00,Tuesday,제2-2열람실 (대학원생 전용),62,2,60,여유
2025-09-30 07:30:00,Tuesday,제1열람실,375,20,355,여유
2025-09-30 07:30:00,Tuesday,제2-1열람실,270,0,270,여유
2025-09-30 07:30:00,Tuesday,제2-2열람실,136,7,129,여유
2025-09-30 07:30:00,Tuesday,제2-2열람실 (대학원생 전용),62,4,58,여유
2025-09-30 08:00:00,Tuesday,제1열람실,375,34,341,여유
2025-09-30 08:00:00,Tuesday,제2-1열람실,270,5,265,여유
2025-09-30 08:00:00,Tuesday,제2-2열람실,136,11,125,여유
2025-09-30 08:00:00,Tuesday,제2-2열람실 (대학원생 전용),62,4,58,여유
2025-09-30 08:30:00,Tuesday,제1열람실,375,54,321,여유
2025-09-30 08:30:00,Tuesday,제2-1열람실,270,6,264,여유
2025-09-30 08:30:00,Tuesday,제2-2열람실,136,14,122,여유
2025-09-30 08:30:00,Tuesday,제2-2열람실 (대학원생 전용),62,6,56,여유
2025-09-30 09:00:00,Tuesday,제1열람실,375,91,284,여유
2025-09-30 09:00:00,Tuesday,제2-1열람실,270,7,263,여유
2025-09-30 09:00:00,Tuesday,제2-2열람실,136,18,118,여유
2025-09-30 09:00:00,Tuesday,제2-2열람실 (대학원생 전용),62,7,55,여유
2025-09-30 09:30:00,Tuesday,제1열람실,375,101,274,여유
2025-09-30 09:30:00,Tuesday,제2-1열람실,270,7,263,여유
2025-09-30 09:30:00,Tuesday,제2-2열람실,136,19,117,여유
2025-09-30 09:30:00,Tuesday,제2-2열람실 (대학원생 전용),62,8,54,여유
2025-09-30 10:00:00,Tuesday,제1열람실,375,118,257,보통
2025-09-30 10:00:00,Tuesday,제2-1열람실,270,9,261,여유
2025-09-30 10:00:00,Tuesday,제2-2열람실,136,23,113,여유
2025-09-30 10:00:00,Tuesday,제2-2열람실 (대학원생 전용),62,12,50,여유
2025-09-30 10:00:00,Tuesday,제1열람실,375,144,231,보통
2025-09-30 10:00:00,Tuesday,제2-1열람실,270,9,261,여유
2025-09-30 10:00:00,Tuesday,제2-2열람실,136,31,105,여유
2025-09-30 10:00:00,Tuesday,제2-2열람실 (대학원생 전용),62,12,50,여유
2025-09-30 10:30:00,Tuesday,제1열람실,375,159,216,보통
2025-09-30 10:30:00,Tuesday,제2-1열람실,270,10,260,여유
2025-09-30 10:30:00,Tuesday,제2-2열람실,136,40,96,여유
2025-09-30 10:30:00,Tuesday,제2-2열람실 (대학원생 전용),62,12,50,여유
2025-09-30 11:00:00,Tuesday,제1열람실,375,183,192,보통
2025-09-30 11:00:00,Tuesday,제2-1열람실,270,17,253,여유
2025-09-30 11:00:00,Tuesday,제2-2열람실,136,38,98,여유
2025-09-30 11:00:00,Tuesday,제2-2열람실 (대학원생 전용),62,13,49,여유
2025-09-30 11:30:00,Tuesday,제1열람실,375,204,171,보통
2025-09-30 11:30:00,Tuesday,제2-1열람실,270,24,246,여유
2025-09-30 11:30:00,Tuesday,제2-2열람실,136,41,95,보통
2025-09-30 11:30:00,Tuesday,제2-2열람실 (대학원생 전용),62,13,49,여유
2025-09-30 12:30:00,Tuesday,제1열람실,375,241,134,보통
2025-09-30 12:30:00,Tuesday,제2-1열람실,270,36,234,여유
2025-09-30 12:30:00,Tuesday,제2-2열람실,136,45,91,보통
2025-09-30 12:30:00,Tuesday,제2-2열람실 (대학원생 전용),62,13,49,여유
2025-09-30 13:00:00,Tuesday,제1열람실,375,290,85,혼잡
2025-09-30 13:00:00,Tuesday,제2-1열람실,270,42,228,여유
2025-09-30 13:00:00,Tuesday,제2-2열람실,136,58,78,보통
2025-09-30 13:00:00,Tuesday,제2-2열람실 (대학원생 전용),62,14,48,여유
2025-09-30 13:30:00,Tuesday,제1열람실,375,306,69,혼잡
2025-09-30 13:30:00,Tuesday,제2-1열람실,270,48,222,여유
2025-09-30 13:30:00,Tuesday,제2-2열람실,136,62,74,보통
2025-09-30 13:30:00,Tuesday,제2-2열람실 (대학원생 전용),62,14,48,여유
2025-09-30 14:00:00,Tuesday,제1열람실,375,322,53,혼잡
2025-09-30 14:00:00,Tuesday,제2-1열람실,270,49,221,여유
2025-09-30 14:00:00,Tuesday,제2-2열람실,136,72,64,보통
2025-09-30 14:00:00,Tuesday,제2-2열람실 (대학원생 전용),62,16,46,여유
2025-09-30 14:30:00,Tuesday,제1열람실,375,331,44,혼잡
2025-09-30 14:30:00,Tuesday,제2-1열람실,270,51,219,여유
2025-09-30 14:30:00,Tuesday,제2-2열람실,136,73,63,보통
2025-09-30 14:30:00,Tuesday,제2-2열람실 (대학원생 전용),62,16,46,여유
2025-09-30 15:00:00,Tuesday,제1열람실,375,356,19,혼잡
2025-09-30 15:00:00,Tuesday,제2-1열람실,270,55,215,여유
2025-09-30 15:00:00,Tuesday,제2-2열람실,136,86,50,보통
2025-09-30 15:00:00,Tuesday,제2-2열람실 (대학원생 전용),62,17,45,여유
2025-09-30 15:30:00,Tuesday,제1열람실,375,366,9,혼잡
2025-09-30 15:30:00,Tuesday,제2-1열람실,270,56,214,여유
2025-09-30 15:30:00,Tuesday,제2-2열람실,136,90,46,보통
2025-09-30 15:30:00,Tuesday,제2-2열람실 (대학원생 전용),62,17,45,여유
2025-09-30 16:00:00,Tuesday,제1열람실,375,372,3,혼잡
2025-09-30 16:00:00,Tuesday,제2-1열람실,270,60,210,여유
2025-09-30 16:00:00,Tuesday,제2-2열람실,136,97,39,혼잡
2025-09-30 16:00:00,Tuesday,제2-2열람실 (대학원생 전용),62,17,45,여유
2025-09-30 16:30:00,Tuesday,제1열람실,375,372,3,혼잡
2025-09-30 16:30:00,Tuesday,제2-1열람실,270,71,199,여유
2025-09-30 16:30:00,Tuesday,제2-2열람실,136,104,32,혼잡
2025-09-30 16:30:00,Tuesday,제2-2열람실 (대학원생 전용),62,19,43,보통
2025-09-30 17:00:00,Tuesday,제1열람실,375,375,0,혼잡
2025-09-30 17:00:00,Tuesday,제2-1열람실,270,80,190,여유
2025-09-30 17:00:00,Tuesday,제2-2열람실,136,120,16,혼잡
2025-09-30 17:00:00,Tuesday,제2-2열람실 (대학원생 전용),62,19,43,보통
2025-09-30 17:30:00,Tuesday,제1열람실,375,374,1,혼잡
2025-09-30 17:30:00,Tuesday,제2-1열람실,270,85,185,보통
2025-09-30 17:30:00,Tuesday,제2-2열람실,136,128,8,혼잡
2025-09-30 17:30:00,Tuesday,제2-2열람실 (대학원생 전용),62,19,43,보통
2025-09-30 18:00:00,Tuesday,제1열람실,375,373,2,혼잡
2025-09-30 18:00:00,Tuesday,제2-1열람실,270,85,185,보통
2025-09-30 18:00:00,Tuesday,제2-2열람실,136,133,3,혼잡
2025-09-30 18:00:00,Tuesday,제2-2열람실 (대학원생 전용),62,19,43,보통
2025-09-30 18:30:00,Tuesday,제1열람실,375,373,2,혼잡
2025-09-30 18:30:00,Tuesday,제2-1열람실,270,87,183,보통
2025-09-30 18:30:00,Tuesday,제2-2열람실,136,134,2,혼잡
2025-09-30 18:30:00,Tuesday,제2-2열람실 (대학원생 전용),62,18,44,여유
2025-09-30 19:00:00,Tuesday,제1열람실,375,369,6,혼잡
2025-09-30 19:00:00,Tuesday,제2-1열람실,270,92,178,보통
2025-09-30 19:00:00,Tuesday,제2-2열람실,136,134,2,혼잡
2025-09-30 19:00:00,Tuesday,제2-2열람실 (대학원생 전용),62,19,43,보통
2025-09-30 19:30:00,Tuesday,제1열람실,375,373,2,혼잡
2025-09-30 19:30:00,Tuesday,제2-1열람실,270,102,168,보통
2025-09-30 19:30:00,Tuesday,제2-2열람실,136,135,1,혼잡
2025-09-30 19:30:00,Tuesday,제2-2열람실 (대학원생 전용),62,19,43,보통
2025-09-30 20:00:00,Tuesday,제1열람실,375,375,0,혼잡
2025-09-30 20:00:00,Tuesday,제2-1열람실,270,110,160,보통
2025-09-30 20:00:00,Tuesday,제2-2열람실,136,136,0,혼잡
2025-09-30 20:00:00,Tuesday,제2-2열람실 (대학원생 전용),62,20,42,보통
2025-09-30 20:30:00,Tuesday,제1열람실,375,375,0,혼잡
2025-09-30 20:30:00,Tuesday,제2-1열람실,270,120,150,보통
2025-09-30 20:30:00,Tuesday,제2-2열람실,136,135,1,혼잡
2025-09-30 20:30:00,Tuesday,제2-2열람실 (대학원생 전용),62,19,43,보통
2025-09-30 21:30:00,Tuesday,제1열람실,375,352,23,혼잡
2025-09-30 21:30:00,Tuesday,제2-1열람실,270,130,140,보통
2025-09-30 21:30:00,Tuesday,제2-2열람실,136,128,8,혼잡
2025-09-30 21:30:00,Tuesday,제2-2열람실 (대학원생 전용),62,17,45,여유
2025-09-30 22:00:00,Tuesday,제1열람실,375,308,67,혼잡
2025-09-30 22:00:00,Tuesday,제2-1열람실,270,116,154,보통
2025-09-30 22:00:00,Tuesday,제2-2열람실,136,118,18,혼잡
2025-09-30 22:00:00,Tuesday,제2-2열람실 (대학원생 전용),62,16,46,여유
2025-09-30 22:30:00,Tuesday,제1열람실,375,293,82,혼잡
2025-09-30 22:30:00,Tuesday,제2-1열람실,270,103,167,보통
2025-09-30 22:30:00,Tuesday,제2-2열람실,136,118,18,혼잡
2025-09-30 22:30:00,Tuesday,제2-2열람실 (대학원생 전용),62,15,47,여유
2025-09-30 23:00:00,Tuesday,제1열람실,375,265,110,혼잡
2025-09-30 23:00:00,Tuesday,제2-1열람실,270,90,180,보통
2025-09-30 23:00:00,Tuesday,제2-2열람실,136,108,28,혼잡
2025-09-30 23:00:00,Tuesday,제2-2열람실 (대학원생 전용),62,13,49,여유
2025-09-30 23:30:00,Tuesday,제1열람실,375,229,146,보통
2025-09-30 23:30:00,Tuesday,제2-1열람실,270,83,187,보통
2025-09-30 23:30:00,Tuesday,제2-2열람실,136,104,32,혼잡
2025-09-30 23:30:00,Tuesday,제2-2열람실 (대학원생 전용),62,12,50,여유
2025-10-01 06:00:00,Wednesday,제1열람실,375,6,369,여유
2025-10-01 06:00:00,Wednesday,제2-1열람실,270,0,270,여유
2025-10-01 06:00:00,Wednesday,제2-2열람실,136,12,124,여유
2025-10-01 06:00:00,Wednesday,제2-2열람실 (대학원생 전용),62,0,62,여유
2025-10-01 06:30:00,Wednesday,제1열람실,375,7,368,여유
2025-10-01 06:30:00,Wednesday,제2-1열람실,270,1,269,여유
2025-10-01 06:30:00,Wednesday,제2-2열람실,136,5,131,여유
2025-10-01 06:30:00,Wednesday,제2-2열람실 (대학원생 전용),62,2,60,여유
2025-10-01 07:00:00,Wednesday,제1열람실,375,12,363,여유
2025-10-01 07:00:00,Wednesday,제2-1열람실,270,2,268,여유
2025-10-01 07:00:00,Wednesday,제2-2열람실,136,4,132,여유
2025-10-01 07:00:00,Wednesday,제2-2열람실 (대학원생 전용),62,3,59,여유
2025-10-01 07:30:00,Wednesday,제1열람실,375,20,355,여유
2025-10-01 07:30:00,Wednesday,제2-1열람실,270,2,268,여유
2025-10-01 07:30:00,Wednesday,제2-2열람실,136,5,131,여유
2025-10-01 07:30:00,Wednesday,제2-2열람실 (대학원생 전용),62,4,58,여유
2025-10-01 08:00:00,Wednesday,제1열람실,375,34,341,여유
2025-10-01 08:00:00,Wednesday,제2-1열람실,270,4,266,여유
2025-10-01 08:00:00,Wednesday,제2-2열람실,136,7,129,여유
2025-10-01 08:00:00,Wednesday,제2-2열람실 (대학원생 전용),62,4,58,여유
2025-10-01 08:30:00,Wednesday,제1열람실,375,54,321,여유
2025-10-01 08:30:00,Wednesday,제2-1열람실,270,7,263,여유
2025-10-01 08:30:00,Wednesday,제2-2열람실,136,16,120,여유
2025-10-01 08:30:00,Wednesday,제2-2열람실 (대학원생 전용),62,4,58,여유
2025-10-01 10:00:00,Wednesday,제1열람실,375,147,228,보통
2025-10-01 10:00:00,Wednesday,제2-1열람실,270,14,256,여유
2025-10-01 10:00:00,Wednesday,제2-2열람실,136,29,107,여유
2025-10-01 10:00:00,Wednesday,제2-2열람실 (대학원생 전용),62,9,53,여유
2025-10-01 11:30:00,Wednesday,제1열람실,375,182,193,보통
2025-10-01 11:30:00,Wednesday,제2-1열람실,270,23,247,여유
2025-10-01 11:30:00,Wednesday,제2-2열람실,136,41,95,보통
2025-10-01 11:30:00,Wednesday,제2-2열람실 (대학원생 전용),62,10,52,여유
2025-10-01 11:30:00,Wednesday,제1열람실,375,215,160,보통
2025-10-01 11:30:00,Wednesday,제2-1열람실,270,35,235,여유
2025-10-01 11:30:00,Wednesday,제2-2열람실,136,40,96,여유
2025-10-01 11:30:00,Wednesday,제2-2열람실 (대학원생 전용),62,10,52,여유
2025-10-01 12:00:00,Wednesday,제1열람실,375,242,133,보통
2025-10-01 12:00:00,Wednesday,제2-1열람실,270,45,225,여유
2025-10-01 12:00:00,Wednesday,제2-2열람실,136,42,94,보통
2025-10-01 12:00:00,Wednesday,제2-2열람실 (대학원생 전용),62,11,51,여유
2025-10-01 12:30:00,Wednesday,제1열람실,375,265,110,혼잡
2025-10-01 12:30:00,Wednesday,제2-1열람실,270,48,222,여유
2025-10-01 12:30:00,Wednesday,제2-2열람실,136,46,90,보통
2025-10-01 12:30:00,Wednesday,제2-2열람실 (대학원생 전용),62,12,50,여유
2025-10-01 13:00:00,Wednesday,제1열람실,375,294,81,혼잡
2025-10-01 13:00:00,Wednesday,제2-1열람실,270,42,228,여유
2025-10-01 13:00:00,Wednesday,제2-2열람실,136,54,82,보통
2025-10-01 13:00:00,Wednesday,제2-2열람실 (대학원생 전용),62,13,49,여유
2025-10-01 13:30:00,Wednesday,제1열람실,375,309,66,혼잡
2025-10-01 13:30:00,Wednesday,제2-1열람실,270,46,224,여유
2025-10-01 13:30:00,Wednesday,제2-2열람실,136,60,76,보통
2025-10-01 13:30:00,Wednesday,제2-2열람실 (대학원생 전용),62,12,50,여유
2025-10-01 14:00:00,Wednesday,제1열람실,375,335,40,혼잡
2025-10-01 14:00:00,Wednesday,제2-1열람실,270,44,226,여유
2025-10-01 14:00:00,Wednesday,제2-2열람실,136,65,71,보통
2025-10-01 14:00:00,Wednesday,제2-2열람실 (대학원생 전용),62,15,47,여유
2025-10-01 14:30:00,Wednesday,제1열람실,375,343,32,혼잡
2025-10-01 14:30:00,Wednesday,제2-1열람실,270,46,224,여유
2025-10-01 14:30:00,Wednesday,제2-2열람실,136,69,67,보통
2025-10-01 14:30:00,Wednesday,제2-2열람실 (대학원생 전용),62,16,46,여유
2025-10-01 15:00:00,Wednesday,제1열람실,375,375,0,혼잡
2025-10-01 15:00:00,Wednesday,제2-1열람실,270,57,213,여유
2025-10-01 15:00:00,Wednesday,제2-2열람실,136,81,55,보통
2025-10-01 15:00:00,Wednesday,제2-2열람실 (대학원생 전용),62,18,44,여유
2025-10-01 15:30:00,Wednesday,제1열람실,375,367,8,혼잡
2025-10-01 15:30:00,Wednesday,제2-1열람실,270,63,207,여유
2025-10-01 15:30:00,Wednesday,제2-2열람실,136,80,56,보통
2025-10-01 15:30:00,Wednesday,제2-2열람실 (대학원생 전용),62,17,45,여유
2025-10-01 16:00:00,Wednesday,제1열람실,375,372,3,혼잡
2025-10-01 16:00:00,Wednesday,제2-1열람실,270,66,204,여유
2025-10-01 16:00:00,Wednesday,제2-2열람실,136,86,50,보통
2025-10-01 16:00:00,Wednesday,제2-2열람실 (대학원생 전용),62,18,44,여유
2025-10-01 16:30:00,Wednesday,제1열람실,375,375,0,혼잡
2025-10-01 16:30:00,Wednesday,제2-1열람실,270,66,204,여유
2025-10-01 16:30:00,Wednesday,제2-2열람실,136,95,41,보통
2025-10-01 16:30:00,Wednesday,제2-2열람실 (대학원생 전용),62,18,44,여유
2025-10-01 17:00:00,Wednesday,제1열람실,375,370,5,혼잡
2025-10-01 17:00:00,Wednesday,제2-1열람실,270,73,197,여유
2025-10-01 17:00:00,Wednesday,제2-2열람실,136,102,34,혼잡
2025-10-01 17:00:00,Wednesday,제2-2열람실 (대학원생 전용),62,18,44,여유
2025-10-01 17:30:00,Wednesday,제1열람실,375,369,6,혼잡
2025-10-01 17:30:00,Wednesday,제2-1열람실,270,76,194,여유
2025-10-01 17:30:00,Wednesday,제2-2열람실,136,107,29,혼잡
2025-10-01 17:30:00,Wednesday,제2-2열람실 (대학원생 전용),62,18,44,여유
2025-10-01 18:00:00,Wednesday,제1열람실,375,362,13,혼잡
2025-10-01 18:00:00,Wednesday,제2-1열람실,270,65,205,여유
2025-10-01 18:00:00,Wednesday,제2-2열람실,136,108,28,혼잡
2025-10-01 18:00:00,Wednesday,제2-2열람실 (대학원생 전용),62,18,44,여유
2025-10-01 18:30:00,Wednesday,제1열람실,375,367,8,혼잡
2025-10-01 18:30:00,Wednesday,제2-1열람실,270,63,207,여유
2025-10-01 18:30:00,Wednesday,제2-2열람실,136,110,26,혼잡
2025-10-01 18:30:00,Wednesday,제2-2열람실 (대학원생 전용),62,17,45,여유
2025-10-01 19:00:00,Wednesday,제1열람실,375,359,16,혼잡
2025-10-01 19:00:00,Wednesday,제2-1열람실,270,67,203,여유
2025-10-01 19:00:00,Wednesday,제2-2열람실,136,104,32,혼잡
2025-10-01 19:00:00,Wednesday,제2-2열람실 (대학원생 전용),62,17,45,여유
2025-10-01 19:30:00,Wednesday,제1열람실,375,366,9,혼잡
2025-10-01 19:30:00,Wednesday,제2-1열람실,270,72,198,여유
2025-10-01 19:30:00,Wednesday,제2-2열람실,136,105,31,혼잡
2025-10-01 19:30:00,Wednesday,제2-2열람실 (대학원생 전용),62,18,44,여유
2025-10-01 20:00:00,Wednesday,제1열람실,375,361,14,혼잡
2025-10-01 20:00:00,Wednesday,제2-1열람실,270,74,196,여유
2025-10-01 20:00:00,Wednesday,제2-2열람실,136,110,26,혼잡
2025-10-01 20:00:00,Wednesday,제2-2열람실 (대학원생 전용),62,17,45,여유
2025-10-01 20:30:00,Wednesday,제1열람실,375,355,20,혼잡
2025-10-01 20:30:00,Wednesday,제2-1열람실,270,75,195,여유
2025-10-01 20:30:00,Wednesday,제2-2열람실,136,118,18,혼잡
2025-10-01 20:30:00,Wednesday,제2-2열람실 (대학원생 전용),62,17,45,여유
2025-10-01 21:30:00,Wednesday,제1열람실,375,331,44,혼잡
2025-10-01 21:30:00,Wednesday,제2-1열람실,270,73,197,여유
2025-10-01 21:30:00,Wednesday,제2-2열람실,136,112,24,혼잡
2025-10-01 21:30:00,Wednesday,제2-2열람실 (대학원생 전용),62,19,43,보통
2025-10-01 22:00:00,Wednesday,제1열람실,375,303,72,혼잡
2025-10-01 22:00:00,Wednesday,제2-1열람실,270,68,202,여유
2025-10-01 22:00:00,Wednesday,제2-2열람실,136,99,37,혼잡
2025-10-01 22:00:00,Wednesday,제2-2열람실 (대학원생 전용),62,17,45,여유
2025-10-01 22:30:00,Wednesday,제1열람실,375,288,87,혼잡
2025-10-01 22:30:00,Wednesday,제2-1열람실,270,64,206,여유
2025-10-01 22:30:00,Wednesday,제2-2열람실,136,92,44,보통
2025-10-01 22:30:00,Wednesday,제2-2열람실 (대학원생 전용),62,17,45,여유
2025-10-01 23:00:00,Wednesday,제1열람실,375,261,114,보통
2025-10-01 23:00:00,Wednesday,제2-1열람실,270,55,215,여유
2025-10-01 23:00:00,Wednesday,제2-2열람실,136,86,50,보통
2025-10-01 23:00:00,Wednesday,제2-2열람실 (대학원생 전용),62,13,49,여유
2025-10-01 23:30:00,Wednesday,제1열람실,375,234,141,보통
2025-10-01 23:30:00,Wednesday,제2-1열람실,270,47,223,여유
2025-10-01 23:30:00,Wednesday,제2-2열람실,136,83,53,보통
2025-10-01 23:30:00,Wednesday,제2-2열람실 (대학원생 전용),62,14,48,여유
2025-10-02 06:00:00,Thursday,제1열람실,375,3,372,여유
2025-10-02 06:00:00,Thursday,제2-1열람실,270,0,270,여유
2025-10-02 06:00:00,Thursday,제2-2열람실,136,2,134,여유
2025-10-02 06:00:00,Thursday,제2-2열람실 (대학원생 전용),62,2,60,여유
2025-10-02 06:30:00,Thursday,제1열람실,375,3,372,여유
2025-10-02 06:30:00,Thursday,제2-1열람실,270,0,270,여유
2025-10-02 06:30:00,Thursday,제2-2열람실,136,2,134,여유
2025-10-02 06:30:00,Thursday,제2-2열람실 (대학원생 전용),62,4,58,여유
2025-10-02 07:00:00,Thursday,제1열람실,375,5,370,여유
2025-10-02 07:00:00,Thursday,제2-1열람실,270,0,270,여유
2025-10-02 07:00:00,Thursday,제2-2열람실,136,3,133,여유
2025-10-02 07:00:00,Thursday,제2-2열람실 (대학원생 전용),62,4,58,여유
2025-10-02 07:30:00,Thursday,제1열람실,375,8,367,여유
2025-10-02 07:30:00,Thursday,제2-1열람실,270,2,268,여유
2025-10-02 07:30:00,Thursday,제2-2열람실,136,6,130,여유
2025-10-02 07:30:00,Thursday,제2-2열람실 (대학원생 전용),62,4,58,여유
2025-10-02 08:00:00,Thursday,제1열람실,375,19,356,여유
2025-10-02 08:00:00,Thursday,제2-1열람실,270,4,266,여유
2025-10-02 08:00:00,Thursday,제2-2열람실,136,9,127,여유
2025-10-02 08:00:00,Thursday,제2-2열람실 (대학원생 전용),62,4,58,여유
2025-10-02 08:30:00,Thursday,제1열람실,375,34,341,여유
2025-10-02 08:30:00,Thursday,제2-1열람실,270,4,266,여유
2025-10-02 08:30:00,Thursday,제2-2열람실,136,15,121,여유
2025-10-02 08:30:00,Thursday,제2-2열람실 (대학원생 전용),62,5,57,여유
2025-10-02 10:00:00,Thursday,제1열람실,375,105,270,여유
2025-10-02 10:00:00,Thursday,제2-1열람실,269,8,261,여유
2025-10-02 10:00:00,Thursday,제2-2열람실,134,18,116,여유
2025-10-02 10:00:00,Thursday,제2-2열람실 (대학원생 전용),62,10,52,여유
2025-10-02 10:00:00,Thursday,제1열람실,375,109,266,여유
2025-10-02 10:00:00,Thursday,제2-1열람실,269,8,261,여유
2025-10-02 10:00:00,Thursday,제2-2열람실,134,18,116,여유
2025-10-02 10:00:00,Thursday,제2-2열람실 (대학원생 전용),62,9,53,여유
2025-10-02 11:30:00,Thursday,제1열람실,375,164,211,보통
2025-10-02 11:30:00,Thursday,제2-1열람실,269,20,249,여유
2025-10-02 11:30:00,Thursday,제2-2열람실,134,26,108,여유
2025-10-02 11:30:00,Thursday,제2-2열람실 (대학원생 전용),62,12,50,여유
2025-10-02 12:00:00,Thursday,제1열람실,375,189,186,보통
2025-10-02 12:00:00,Thursday,제2-1열람실,269,25,244,여유
2025-10-02 12:00:00,Thursday,제2-2열람실,134,29,105,여유
2025-10-02 12:00:00,Thursday,제2-2열람실 (대학원생 전용),62,11,51,여유
2025-10-02 12:30:00,Thursday,제1열람실,375,203,172,보통
2025-10-02 12:30:00,Thursday,제2-1열람실,269,29,240,여유
2025-10-02 12:30:00,Thursday,제2-2열람실,134,30,104,여유
2025-10-02 12:30:00,Thursday,제2-2열람실 (대학원생 전용),62,11,51,여유
2025-10-02 13:00:00,Thursday,제1열람실,375,219,156,보통
2025-10-02 13:00:00,Thursday,제2-1열람실,269,31,238,여유
2025-10-02 13:00:00,Thursday,제2-2열람실,134,32,102,여유
2025-10-02 13:00:00,Thursday,제2-2열람실 (대학원생 전용),62,11,51,여유
2025-10-02 13:30:00,Thursday,제1열람실,375,237,138,보통
2025-10-02 13:30:00,Thursday,제2-1열람실,269,30,239,여유
2025-10-02 13:30:00,Thursday,제2-2열람실,134,35,99,여유
2025-10-02 13:30:00,Thursday,제2-2열람실 (대학원생 전용),62,12,50,여유
2025-10-02 14:00:00,Thursday,제1열람실,375,240,135,보통
2025-10-02 14:00:00,Thursday,제2-1열람실,269,35,234,여유
2025-10-02 14:00:00,Thursday,제2-2열람실,134,35,99,여유
2025-10-02 14:00:00,Thursday,제2-2열람실 (대학원생 전용),62,12,50,여유
2025-10-02 14:30:00,Thursday,제1열람실,375,242,133,보통
2025-10-02 14:30:00,Thursday,제2-1열람실,269,31,238,여유
2025-10-02 14:30:00,Thursday,제2-2열람실,134,35,99,여유
2025-10-02 14:30:00,Thursday,제2-2열람실 (대학원생 전용),62,12,50,여유
2025-10-02 15:00:00,Thursday,제1열람실,375,276,99,혼잡
2025-10-02 15:00:00,Thursday,제2-1열람실,269,26,243,여유
2025-10-02 15:00:00,Thursday,제2-2열람실,134,44,90,보통
2025-10-02 15:00:00,Thursday,제2-2열람실 (대학원생 전용),62,18,44,여유
2025-10-02 15:30:00,Thursday,제1열람실,375,276,99,혼잡
2025-10-02 15:30:00,Thursday,제2-1열람실,269,30,239,여유
2025-10-02 15:30:00,Thursday,제2-2열람실,134,44,90,보통
2025-10-02 15:30:00,Thursday,제2-2열람실 (대학원생 전용),62,18,44,여유
2025-10-02 16:00:00,Thursday,제1열람실,375,272,103,혼잡
2025-10-02 16:00:00,Thursday,제2-1열람실,269,29,240,여유
2025-10-02 16:00:00,Thursday,제2-2열람실,134,43,91,보통
2025-10-02 16:00:00,Thursday,제2-2열람실 (대학원생 전용),62,17,45,여유
2025-10-02 16:30:00,Thursday,제1열람실,375,284,91,혼잡
2025-10-02 16:30:00,Thursday,제2-1열람실,269,34,235,여유
2025-10-02 16:30:00,Thursday,제2-2열람실,134,52,82,보통
2025-10-02 16:30:00,Thursday,제2-2열람실 (대학원생 전용),62,16,46,여유
2025-10-02 17:00:00,Thursday,제1열람실,375,295,80,혼잡
2025-10-02 17:00:00,Thursday,제2-1열람실,269,28,241,여유
2025-10-02 17:00:00,Thursday,제2-2열람실,134,58,76,보통
2025-10-02 17:00:00,Thursday,제2-2열람실 (대학원생 전용),62,15,47,여유
2025-10-02 17:30:00,Thursday,제1열람실,375,288,87,혼잡
2025-10-02 17:30:00,Thursday,제2-1열람실,269,28,241,여유
2025-10-02 17:30:00,Thursday,제2-2열람실,134,57,77,보통
2025-10-02 17:30:00,Thursday,제2-2열람실 (대학원생 전용),62,15,47,여유
2025-10-02 18:00:00,Thursday,제1열람실,375,286,89,혼잡
2025-10-02 18:00:00,Thursday,제2-1열람실,269,30,239,여유
2025-10-02 18:00:00,Thursday,제2-2열람실,134,51,83,보통
2025-10-02 18:00:00,Thursday,제2-2열람실 (대학원생 전용),62,15,47,여유
2025-10-02 18:30:00,Thursday,제1열람실,375,286,89,혼잡
2025-10-02 18:30:00,Thursday,제2-1열람실,269,29,240,여유
2025-10-02 18:30:00,Thursday,제2-2열람실,134,51,83,보통
2025-10-02 18:30:00,Thursday,제2-2열람실 (대학원생 전용),62,15,47,여유
2025-10-02 19:00:00,Thursday,제1열람실,375,291,84,혼잡
2025-10-02 19:00:00,Thursday,제2-1열람실,269,26,243,여유
2025-10-02 19:00:00,Thursday,제2-2열람실,134,50,84,보통
2025-10-02 19:00:00,Thursday,제2-2열람실 (대학원생 전용),62,15,47,여유
2025-10-02 19:30:00,Thursday,제1열람실,375,284,91,혼잡
2025-10-02 19:30:00,Thursday,제2-1열람실,269,25,244,여유
2025-10-02 19:30:00,Thursday,제2-2열람실,134,51,83,보통
2025-10-02 19:30:00,Thursday,제2-2열람실 (대학원생 전용),62,15,47,여유
2025-10-02 20:00:00,Thursday,제1열람실,375,272,103,혼잡
2025-10-02 20:00:00,Thursday,제2-1열람실,269,21,248,여유
2025-10-02 20:00:00,Thursday,제2-2열람실,134,54,80,보통
2025-10-02 20:00:00,Thursday,제2-2열람실 (대학원생 전용),62,14,48,여유
2025-10-02 20:30:00,Thursday,제1열람실,375,262,113,보통
2025-10-02 20:30:00,Thursday,제2-1열람실,269,25,244,여유
2025-10-02 20:30:00,Thursday,제2-2열람실,134,55,79,보통
2025-10-02 20:30:00,Thursday,제2-2열람실 (대학원생 전용),62,13,49,여유
2025-10-02 21:30:00,Thursday,제1열람실,375,240,135,보통
2025-10-02 21:30:00,Thursday,제2-1열람실,269,25,244,여유
2025-10-02 21:30:00,Thursday,제2-2열람실,134,55,79,보통
2025-10-02 21:30:00,Thursday,제2-2열람실 (대학원생 전용),62,10,52,여유
2025-10-02 22:00:00,Thursday,제1열람실,375,201,174,보통
2025-10-02 22:00:00,Thursday,제2-1열람실,269,18,251,여유
2025-10-02 22:00:00,Thursday,제2-2열람실,134,49,85,보통
2025-10-02 22:00:00,Thursday,제2-2열람실 (대학원생 전용),62,6,56,여유
2025-10-02 22:30:00,Thursday,제1열람실,375,196,179,보통
2025-10-02 22:30:00,Thursday,제2-1열람실,269,15,254,여유
2025-10-02 22:30:00,Thursday,제2-2열람실,134,44,90,보통
2025-10-02 22:30:00,Thursday,제2-2열람실 (대학원생 전용),62,6,56,여유
2025-10-02 23:00:00,Thursday,제1열람실,375,154,221,보통
2025-10-02 23:00:00,Thursday,제2-1열람실,269,9,260,여유
2025-10-02 23:00:00,Thursday,제2-2열람실,134,38,96,여유
2025-10-02 23:00:00,Thursday,제2-2열람실 (대학원생 전용),62,6,56,여유
2025-10-02 23:30:00,Thursday,제1열람실,375,126,249,보통
2025-10-02 23:30:00,Thursday,제2-1열람실,269,4,265,여유
2025-10-02 23:30:00,Thursday,제2-2열람실,134,36,98,여유
2025-10-02 23:30:00,Thursday,제2-2열람실 (대학원생 전용),62,4,58,여유
2025-10-03 06:00:00,Friday,제1열람실,375,3,372,여유
2025-10-03 06:00:00,Friday,제2-1열람실,269,0,269,여유
2025-10-03 06:00:00,Friday,제2-2열람실,134,1,133,여유
2025-10-03 06:00:00,Friday,제2-2열람실 (대학원생 전용),62,0,62,여유
2025-10-03 06:30:00,Friday,제1열람실,375,4,371,여유
2025-10-03 06:30:00,Friday,제2-1열람실,269,0,269,여유
2025-10-03 06:30:00,Friday,제2-2열람실,134,1,133,여유
2025-10-03 06:30:00,Friday,제2-2열람실 (대학원생 전용),62,0,62,여유
2025-10-03 07:00:00,Friday,제1열람실,375,4,371,여유
2025-10-03 07:00:00,Friday,제2-1열람실,269,0,269,여유
2025-10-03 07:00:00,Friday,제2-2열람실,134,2,132,여유
2025-10-03 07:00:00,Friday,제2-2열람실 (대학원생 전용),62,0,62,여유
2025-10-03 07:30:00,Friday,제1열람실,375,6,369,여유
2025-10-03 07:30:00,Friday,제2-1열람실,269,1,268,여유
2025-10-03 07:30:00,Friday,제2-2열람실,134,2,132,여유
2025-10-03 07:30:00,Friday,제2-2열람실 (대학원생 전용),62,1,61,여유
2025-10-03 08:00:00,Friday,제1열람실,375,9,366,여유
2025-10-03 08:00:00,Friday,제2-1열람실,269,1,268,여유
2025-10-03 08:00:00,Friday,제2-2열람실,134,4,130,여유
2025-10-03 08:00:00,Friday,제2-2열람실 (대학원생 전용),62,1,61,여유
2025-10-03 08:30:00,Friday,제1열람실,375,8,367,여유
2025-10-03 08:30:00,Friday,제2-1열람실,269,2,267,여유
2025-10-03 08:30:00,Friday,제2-2열람실,134,4,130,여유
2025-10-03 08:30:00,Friday,제2-2열람실 (대학원생 전용),62,3,59,여유
2025-10-03 10:00:00,Friday,제1열람실,375,37,338,여유
2025-10-03 10:00:00,Friday,제2-1열람실,269,1,268,여유
2025-10-03 10:00:00,Friday,제2-2열람실,134,6,128,여유
2025-10-03 10:00:00,Friday,제2-2열람실 (대학원생 전용),62,6,56,여유
2025-10-03 10:00:00,Friday,제1열람실,375,37,338,여유
2025-10-03 10:00:00,Friday,제2-1열람실,269,1,268,여유
2025-10-03 10:00:00,Friday,제2-2열람실,134,6,128,여유
2025-10-03 10:00:00,Friday,제2-2열람실 (대학원생 전용),62,6,56,여유
2025-10-03 10:30:00,Friday,제1열람실,375,43,332,여유
2025-10-03 10:30:00,Friday,제2-1열람실,269,3,266,여유
2025-10-03 10:30:00,Friday,제2-2열람실,134,7,127,여유
2025-10-03 10:30:00,Friday,제2-2열람실 (대학원생 전용),62,8,54,여유
2025-10-03 11:30:00,Friday,제1열람실,375,63,312,여유
2025-10-03 11:30:00,Friday,제2-1열람실,269,3,266,여유
2025-10-03 11:30:00,Friday,제2-2열람실,134,11,123,여유
2025-10-03 11:30:00,Friday,제2-2열람실 (대학원생 전용),62,7,55,여유
2025-10-03 12:00:00,Friday,제1열람실,375,86,289,여유
2025-10-03 12:00:00,Friday,제2-1열람실,269,6,263,여유
2025-10-03 12:00:00,Friday,제2-2열람실,134,12,122,여유
2025-10-03 12:00:00,Friday,제2-2열람실 (대학원생 전용),62,7,55,여유
2025-10-03 12:30:00,Friday,제1열람실,375,97,278,여유
2025-10-03 12:30:00,Friday,제2-1열람실,269,7,262,여유
2025-10-03 12:30:00,Friday,제2-2열람실,134,13,121,여유
2025-10-03 12:30:00,Friday,제2-2열람실 (대학원생 전용),62,7,55,여유
2025-10-03 13:00:00,Friday,제1열람실,375,113,262,보통
2025-10-03 13:00:00,Friday,제2-1열람실,269,10,259,여유
2025-10-03 13:00:00,Friday,제2-2열람실,134,15,119,여유
2025-10-03 13:00:00,Friday,제2-2열람실 (대학원생 전용),62,8,54,여유
2025-10-03 13:30:00,Friday,제1열람실,375,131,244,보통
2025-10-03 13:30:00,Friday,제2-1열람실,269,10,259,여유
2025-10-03 13:30:00,Friday,제2-2열람실,134,19,115,여유
2025-10-03 13:30:00,Friday,제2-2열람실 (대학원생 전용),62,8,54,여유
2025-10-03 14:00:00,Friday,제1열람실,375,170,205,보통
2025-10-03 14:00:00,Friday,제2-1열람실,269,11,258,여유
2025-10-03 14:00:00,Friday,제2-2열람실,134,19,115,여유
2025-10-03 14:00:00,Friday,제2-2열람실 (대학원생 전용),62,8,54,여유
2025-10-03 14:30:00,Friday,제1열람실,375,177,198,보통
2025-10-03 14:30:00,Friday,제2-1열람실,269,15,254,여유
2025-10-03 14:30:00,Friday,제2-2열람실,134,25,109,여유
2025-10-03 14:30:00,Friday,제2-2열람실 (대학원생 전용),62,7,55,여유
2025-10-03 15:00:00,Friday,제1열람실,375,202,173,보통
2025-10-03 15:00:00,Friday,제2-1열람실,269,14,255,여유
2025-10-03 15:00:00,Friday,제2-2열람실,134,29,105,여유
2025-10-03 15:00:00,Friday,제2-2열람실 (대학원생 전용),62,9,53,여유
2025-10-03 15:30:00,Friday,제1열람실,375,217,158,보통
2025-10-03 15:30:00,Friday,제2-1열람실,269,16,253,여유
2025-10-03 15:30:00,Friday,제2-2열람실,134,32,102,여유
2025-10-03 15:30:00,Friday,제2-2열람실 (대학원생 전용),62,10,52,여유
2025-10-03 16:00:00,Friday,제1열람실,375,214,161,보통
2025-10-03 16:00:00,Friday,제2-1열람실,269,14,255,여유
2025-10-03 16:00:00,Friday,제2-2열람실,134,32,102,여유
2025-10-03 16:00:00,Friday,제2-2열람실 (대학원생 전용),62,10,52,여유
2025-10-03 16:30:00,Friday,제1열람실,375,215,160,보통
2025-10-03 16:30:00,Friday,제2-1열람실,269,17,252,여유
2025-10-03 16:30:00,Friday,제2-2열람실,134,29,105,여유
2025-10-03 16:30:00,Friday,제2-2열람실 (대학원생 전용),62,10,52,여유
2025-10-03 17:00:00,Friday,제1열람실,375,201,174,보통
2025-10-03 17:00:00,Friday,제2-1열람실,269,17,252,여유
2025-10-03 17:00:00,Friday,제2-2열람실,134,29,105,여유
2025-10-03 17:00:00,Friday,제2-2열람실 (대학원생 전용),62,12,50,여유
2025-10-03 17:30:00,Friday,제1열람실,375,203,172,보통
2025-10-03 17:30:00,Friday,제2-1열람실,269,16,253,여유
2025-10-03 17:30:00,Friday,제2-2열람실,134,27,107,여유
2025-10-03 17:30:00,Friday,제2-2열람실 (대학원생 전용),62,11,51,여유
2025-10-03 18:00:00,Friday,제1열람실,375,203,172,보통
2025-10-03 18:00:00,Friday,제2-1열람실,269,14,255,여유
2025-10-03 18:00:00,Friday,제2-2열람실,134,26,108,여유
2025-10-03 18:00:00,Friday,제2-2열람실 (대학원생 전용),62,11,51,여유
2025-10-03 18:30:00,Friday,제1열람실,375,199,176,보통
2025-10-03 18:30:00,Friday,제2-1열람실,269,12,257,여유
2025-10-03 18:30:00,Friday,제2-2열람실,134,23,111,여유
2025-10-03 18:30:00,Friday,제2-2열람실 (대학원생 전용),62,12,50,여유
2025-10-03 19:00:00,Friday,제1열람실,375,200,175,보통
2025-10-03 19:00:00,Friday,제2-1열람실,269,11,258,여유
2025-10-03 19:00:00,Friday,제2-2열람실,134,23,111,여유
2025-10-03 19:00:00,Friday,제2-2열람실 (대학원생 전용),62,11,51,여유
2025-10-03 19:30:00,Friday,제1열람실,375,199,176,보통
2025-10-03 19:30:00,Friday,제2-1열람실,269,11,258,여유
2025-10-03 19:30:00,Friday,제2-2열람실,134,23,111,여유
2025-10-03 19:30:00,Friday,제2-2열람실 (대학원생 전용),62,11,51,여유
2025-10-03 20:00:00,Friday,제1열람실,375,193,182,보통
2025-10-03 20:00:00,Friday,제2-1열람실,269,12,257,여유
2025-10-03 20:00:00,Friday,제2-2열람실,134,21,113,여유
2025-10-03 20:00:00,Friday,제2-2열람실 (대학원생 전용),62,11,51,여유
2025-10-03 20:30:00,Friday,제1열람실,375,186,189,보통
2025-10-03 20:30:00,Friday,제2-1열람실,269,13,256,여유
2025-10-03 20:30:00,Friday,제2-2열람실,134,21,113,여유
2025-10-03 20:30:00,Friday,제2-2열람실 (대학원생 전용),62,12,50,여유
2025-10-03 21:30:00,Friday,제1열람실,375,169,206,보통
2025-10-03 21:30:00,Friday,제2-1열람실,269,12,257,여유
2025-10-03 21:30:00,Friday,제2-2열람실,134,16,118,여유
2025-10-03 21:30:00,Friday,제2-2열람실 (대학원생 전용),62,11,51,여유
2025-10-03 22:00:00,Friday,제1열람실,375,142,233,보통
2025-10-03 22:00:00,Friday,제2-1열람실,269,10,259,여유
2025-10-03 22:00:00,Friday,제2-2열람실,134,18,116,여유
2025-10-03 22:00:00,Friday,제2-2열람실 (대학원생 전용),62,9,53,여유
2025-10-03 22:30:00,Friday,제1열람실,375,125,250,보통
2025-10-03 22:30:00,Friday,제2-1열람실,269,8,261,여유
2025-10-03 22:30:00,Friday,제2-2열람실,134,20,114,여유
2025-10-03 22:30:00,Friday,제2-2열람실 (대학원생 전용),62,9,53,여유
2025-10-03 23:00:00,Friday,제1열람실,375,91,284,여유
2025-10-03 23:00:00,Friday,제2-1열람실,269,4,265,여유
2025-10-03 23:00:00,Friday,제2-2열람실,134,16,118,여유
2025-10-03 23:00:00,Friday,제2-2열람실 (대학원생 전용),62,8,54,여유
2025-10-03 23:30:00,Friday,제1열람실,375,81,294,여유
2025-10-03 23:30:00,Friday,제2-1열람실,269,3,266,여유
2025-10-03 23:30:00,Friday,제2-2열람실,134,14,120,여유
2025-10-03 23:30:00,Friday,제2-2열람실 (대학원생 전용),62,7,55,여유
2025-10-04 06:00:00,Saturday,제1열람실,375,0,375,여유
2025-10-04 06:00:00,Saturday,제2-1열람실,269,1,268,여유
2025-10-04 06:00:00,Saturday,제2-2열람실,134,0,134,여유
2025-10-04 06:00:00,Saturday,제2-2열람실 (대학원생 전용),62,0,62,여유
2025-10-04 06:30:00,Saturday,제1열람실,375,1,374,여유
2025-10-04 06:30:00,Saturday,제2-1열람실,269,1,268,여유
2025-10-04 06:30:00,Saturday,제2-2열람실,134,0,134,여유
2025-10-04 06:30:00,Saturday,제2-2열람실 (대학원생 전용),62,0,62,여유
2025-10-04 07:00:00,Saturday,제1열람실,375,1,374,여유
2025-10-04 07:00:00,Saturday,제2-1열람실,269,1,268,여유
2025-10-04 07:00:00,Saturday,제2-2열람실,134,0,134,여유
2025-10-04 07:00:00,Saturday,제2-2열람실 (대학원생 전용),62,0,62,여유
2025-10-04 07:30:00,Saturday,제1열람실,375,3,372,여유
2025-10-04 07:30:00,Saturday,제2-1열람실,269,1,268,여유
2025-10-04 07:30:00,Saturday,제2-2열람실,134,1,133,여유
2025-10-04 07:30:00,Saturday,제2-2열람실 (대학원생 전용),62,0,62,여유
2025-10-04 08:00:00,Saturday,제1열람실,375,4,371,여유
2025-10-04 08:00:00,Saturday,제2-1열람실,269,1,268,여유
2025-10-04 08:00:00,Saturday,제2-2열람실,134,1,133,여유
2025-10-04 08:00:00,Saturday,제2-2열람실 (대학원생 전용),62,0,62,여유
2025-10-04 08:30:00,Saturday,제1열람실,375,8,367,여유
2025-10-04 08:30:00,Saturday,제2-1열람실,269,1,268,여유
2025-10-04 08:30:00,Saturday,제2-2열람실,134,1,133,여유
2025-10-04 08:30:00,Saturday,제2-2열람실 (대학원생 전용),62,1,61,여유
2025-10-04 09:30:00,Saturday,제1열람실,375,13,362,여유
2025-10-04 09:30:00,Saturday,제2-1열람실,269,2,267,여유
2025-10-04 09:30:00,Saturday,제2-2열람실,134,2,132,여유
2025-10-04 09:30:00,Saturday,제2-2열람실 (대학원생 전용),62,1,61,여유
2025-10-04 10:00:00,Saturday,제1열람실,375,23,352,여유
2025-10-04 10:00:00,Saturday,제2-1열람실,269,2,267,여유
2025-10-04 10:00:00,Saturday,제2-2열람실,134,2,132,여유
2025-10-04 10:00:00,Saturday,제2-2열람실 (대학원생 전용),62,1,61,여유
2025-10-04 10:00:00,Saturday,제1열람실,375,22,353,여유
2025-10-04 10:00:00,Saturday,제2-1열람실,269,3,266,여유
2025-10-04 10:00:00,Saturday,제2-2열람실,134,2,132,여유
2025-10-04 10:00:00,Saturday,제2-2열람실 (대학원생 전용),62,1,61,여유
2025-10-04 11:30:00,Saturday,제1열람실,375,42,333,여유
2025-10-04 11:30:00,Saturday,제2-1열람실,269,4,265,여유
2025-10-04 11:30:00,Saturday,제2-2열람실,134,1,133,여유
2025-10-04 11:30:00,Saturday,제2-2열람실 (대학원생 전용),62,1,61,여유
2025-10-04 12:00:00,Saturday,제1열람실,375,59,316,여유
2025-10-04 12:00:00,Saturday,제2-1열람실,269,3,266,여유
2025-10-04 12:00:00,Saturday,제2-2열람실,134,4,130,여유
2025-10-04 12:00:00,Saturday,제2-2열람실 (대학원생 전용),62,1,61,여유
2025-10-04 12:30:00,Saturday,제1열람실,375,70,305,여유
2025-10-04 12:30:00,Saturday,제2-1열람실,269,3,266,여유
2025-10-04 12:30:00,Saturday,제2-2열람실,134,6,128,여유
2025-10-04 12:30:00,Saturday,제2-2열람실 (대학원생 전용),62,1,61,여유
2025-10-04 13:00:00,Saturday,제1열람실,375,86,289,여유
2025-10-04 13:00:00,Saturday,제2-1열람실,269,3,266,여유
2025-10-04 13:00:00,Saturday,제2-2열람실,134,6,128,여유
2025-10-04 13:00:00,Saturday,제2-2열람실 (대학원생 전용),62,4,58,여유
2025-10-04 13:30:00,Saturday,제1열람실,375,102,273,여유
2025-10-04 13:30:00,Saturday,제2-1열람실,269,2,267,여유
2025-10-04 13:30:00,Saturday,제2-2열람실,134,7,127,여유
2025-10-04 13:30:00,Saturday,제2-2열람실 (대학원생 전용),62,5,57,여유
2025-10-04 14:00:00,Saturday,제1열람실,375,111,264,여유
2025-10-04 14:00:00,Saturday,제2-1열람실,269,4,265,여유
2025-10-04 14:00:00,Saturday,제2-2열람실,134,8,126,여유
2025-10-04 14:00:00,Saturday,제2-2열람실 (대학원생 전용),62,4,58,여유
2025-10-04 14:30:00,Saturday,제1열람실,375,115,260,보통
2025-10-04 14:30:00,Saturday,제2-1열람실,269,3,266,여유
2025-10-04 14:30:00,Saturday,제2-2열람실,134,9,125,여유
2025-10-04 14:30:00,Saturday,제2-2열람실 (대학원생 전용),62,6,56,여유
2025-10-04 15:00:00,Saturday,제1열람실,375,135,240,보통
2025-10-04 15:00:00,Saturday,제2-1열람실,269,3,266,여유
2025-10-04 15:00:00,Saturday,제2-2열람실,134,9,125,여유
2025-10-04 15:00:00,Saturday,제2-2열람실 (대학원생 전용),62,7,55,여유
2025-10-04 15:30:00,Saturday,제1열람실,375,137,238,보통
2025-10-04 15:30:00,Saturday,제2-1열람실,269,3,266,여유
2025-10-04 15:30:00,Saturday,제2-2열람실,134,11,123,여유
2025-10-04 15:30:00,Saturday,제2-2열람실 (대학원생 전용),62,8,54,여유
2025-10-04 16:00:00,Saturday,제1열람실,375,134,241,보통
2025-10-04 16:00:00,Saturday,제2-1열람실,269,4,265,여유
2025-10-04 16:00:00,Saturday,제2-2열람실,134,13,121,여유
2025-10-04 16:00:00,Saturday,제2-2열람실 (대학원생 전용),62,9,53,여유
2025-10-04 16:30:00,Saturday,제1열람실,375,126,249,보통
2025-10-04 16:30:00,Saturday,제2-1열람실,269,5,264,여유
2025-10-04 16:30:00,Saturday,제2-2열람실,134,13,121,여유
2025-10-04 16:30:00,Saturday,제2-2열람실 (대학원생 전용),62,9,53,여유
2025-10-04 17:00:00,Saturday,제1열람실,375,143,232,보통
2025-10-04 17:00:00,Saturday,제2-1열람실,269,5,264,여유
2025-10-04 17:00:00,Saturday,제2-2열람실,134,16,118,여유
2025-10-04 17:00:00,Saturday,제2-2열람실 (대학원생 전용),62,11,51,여유
2025-10-04 17:30:00,Saturday,제1열람실,375,147,228,보통
2025-10-04 17:30:00,Saturday,제2-1열람실,269,7,262,여유
2025-10-04 17:30:00,Saturday,제2-2열람실,134,18,116,여유
2025-10-04 17:30:00,Saturday,제2-2열람실 (대학원생 전용),62,11,51,여유
